68.9,-1.8,-0.1,0.1,0.2,0.7,0.5,-0.5,1.1,0.3,1.5,0.5,-0.4,-1.1,0.4,-1.5,1.1,0.2,-0.2,1.5,0.9,-1.5,0.1,-0.1,-0.7,0.9,0.3,-1.2,-0.1,0.1,-1.4,0.3,0.2,0.4,0.2,1.2,-0.9,-1.1,-0.7,0.6,-1.1,-0.2,0.5,1.1,-0.8,0.8,-0.6,1.1,0.5,-0.7,0.3,-0.6,-0.6,0.1,-0.5,-0.4,0.5,-0.3,1.6,1.3,0.4,0.9,0.8,0.4,0.9,-0.2,0.5,-1.0,-1.1,1.3,1.4,-0.2,0.1,0.9,-0.3,-1.2,1.7,-1.0,-0.5,0.5,-0.1,0.4,0.8,0.9,-0.1,-0.7,-0.1,-0.6,-1.1,0.2,-1.7,-1.0,-0.7,-1.3,-0.2,0.6,-1.5,0.7,0.6,0.1
-1.8,72.2,1.0,-1.1,0.9,0.6,-0.6,-1.3,1.1,0.5,-1.3,-1.4,-1.4,0.6,0.4,-0.4,1.7,-0.9,-0.3,-1.0,-0.1,-1.3,1.0,0.1,-0.8,-0.1,-0.3,-0.4,0.2,-0.3,-1.2,-0.3,0.3,1.0,0.5,0.2,0.1,0.3,-0.9,-1.2,0.8,-1.1,0.3,-0.9,0.6,0.2,0.5,2.0,0.1,-0.9,-1.4,0.7,0.7,0.1,-1.0,0.5,-0.1,-0.3,-1.0,-0.9,-1.7,-0.6,-0.2,-1.3,-1.1,-0.8,-0.1,-1.3,1.5,-0.8,0.7,-1.1,-0.3,-0.7,0.9,0.5,0.7,0.4,0.4,-0.3,0.3,0.2,-1.2,0.9,0.5,0.3,1.3,0.5,1.2,0.1,0.1,0.8,0.4,1.2,0.2,1.0,-0.1,0.2,-1.6,1.7
-0.1,1.0,61.9,-0.6,0.3,0.3,-0.9,0.5,0.8,-0.2,1.4,0.2,0.9,0.9,-0.5,-0.8,0.3,-0.4,0.8,-0.8,0.3,0.6,1.7,0.3,0.5,-1.1,1.4,-1.0,-1.5,1.6,-1.6,0.5,-1.5,-1.1,-1.2,-0.5,-1.2,-0.1,0.1,-0.1,-0.2,0.6,-0.1,0.1,0.1,1.0,0.5,0.3,-0.4,0.3,-0.6,-0.1,0.1,0.2,0.1,-0.3,0.8,0.8,-1.1,0.1,-1.1,-0.3,0.1,0.3,-0.3,1.0,1.2,-0.6,0.3,0.3,-1.1,-0.4,0.6,-0.6,-0.5,0.2,1.4,-0.8,0.5,-1.2,0.5,0.3,-0.2,-0.3,0.1,0.4,0.4,-0.3,-0.1,-1.4,-0.8,0.5,0.8,-1.9,1.0,-0.9,-0.3,0.5,-0.6,0.4
0.1,-1.1,-0.6,68.2,-1.5,-0.1,-1.3,0.1,0.4,-0.5,1.1,-1.4,0.1,0.8,-1.4,-1.5,-0.4,0.3,0.7,0.7,-0.3,-1.4,0.3,-1.3,0.1,-1.0,0.4,-1.0,-0.6,1.0,-1.0,0.5,-0.2,-0.7,-0.1,-0.5,-0.1,-0.2,0.4,-0.7,-0.3,-1.1,1.0,-1.0,-0.6,1.4,1.1,-1.3,-0.5,0.8,-0.1,-0.2,0.9,1.2,-0.5,-1.0,0.3,-1.9,1.0,1.0,0.7,0.1,1.3,-1.2,0.1,-1.5,0.9,0.3,-1.2,1.0,-0.6,0.1,-1.0,-0.3,0.1,-0.2,0.7,-1.3,0.1,0.5,-0.1,-0.4,-0.7,0.1,-1.1,0.1,0.4,-0.2,0.9,0.5,0.7,0.5,0.1,1.8,0.8,0.2,-0.1,1.4,1.5,-0.3
0.2,0.9,0.3,-1.5,62.6,-1.3,1.6,-0.2,-1.1,-0.9,0.1,-1.0,-0.9,0.8,0.6,1.3,-0.1,0.1,-0.4,-1.3,0.8,-1.1,-0.2,0.3,0.1,-1.0,1.2,1.4,-0.7,-0.6,0.7,0.2,-0.1,-0.3,1.0,0.1,-0.8,-0.4,0.6,-0.1,0.8,-0.8,0.7,-1.0,0.3,-0.7,-0.5,-0.6,0.1,0.4,0.3,-1.1,0.7,0.3,0.9,-0.8,-0.7,1.3,-0.5,0.9,-0.3,0.1,-0.2,0.6,0.8,0.1,-1.2,-0.1,-1.0,1.0,0.4,0.2,-0.8,-0.1,0.1,0.5,-1.2,0.6,0.3,0.3,-1.2,-0.2,-0.8,-1.6,0.1,0.6,0.9,0.3,-0.2,-1.0,0.3,-1.1,-0.9,0.1,0.3,-0.5,-1.2,-0.5,-0.1,1.1
0.7,0.6,0.3,-0.1,-1.3,69.3,-1.0,-0.6,0.3,0.4,-1.8,0.8,0.5,0.9,-0.6,0.7,0.3,-0.3,0.5,1.5,0.6,0.6,0.9,1.5,0.4,-0.2,-0.8,-0.5,0.7,-0.3,-0.2,1.2,-0.7,-0.2,0.2,0.8,-0.9,0.6,0.1,-0.9,-0.3,0.1,-0.7,1.0,-1.2,0.3,0.9,-0.1,1.3,0.3,0.8,-1.8,0.4,-1.9,-1.0,1.4,-0.2,0.6,0.1,0.4,-1.3,-0.1,0.1,0.1,-1.4,-1.9,-0.3,1.3,0.1,0.8,0.1,-0.9,-1.6,-0.9,0.2,1.8,0.4,-0.3,0.6,-0.9,0.2,0.6,-0.9,-1.4,1.3,0.9,-0.1,-0.6,0.8,0.1,1.0,-0.1,0.5,1.0,1.3,-1.0,-0.3,0.1,1.6,0.1
0.5,-0.6,-0.9,-1.3,1.6,-1.0,69.9,-0.9,-1.2,-1.3,-1.1,-0.1,-0.2,1.4,-0.2,0.6,0.7,-0.4,-0.3,1.6,-0.7,0.3,-0.4,-0.5,-0.8,-0.8,-1.1,0.6,1.7,-0.2,0.9,0.4,-0.6,-1.8,0.3,0.4,0.4,-0.2,1.3,-0.2,0.9,-0.8,0.9,-1.3,0.1,-0.3,1.1,1.2,0.1,0.1,0.5,0.1,-0.2,-0.7,-1.3,-0.6,-1.1,0.4,1.4,1.0,-0.6,-0.2,-0.7,0.2,-1.2,-0.9,-0.4,-1.6,0.3,0.2,-0.8,-1.5,0.8,0.9,0.6,-0.2,-0.4,0.8,-0.3,-0.4,1.8,1.5,-0.7,-0.6,-0.7,1.1,0.6,1.6,0.3,0.1,-0.5,-0.1,0.3,-0.1,0.3,-0.1,-0.5,1.3,0.9,-0.2
-0.5,-1.3,0.5,0.1,-0.2,-0.6,-0.9,69.8,-1.1,-0.2,1.2,0.3,-0.5,1.5,0.5,-1.0,-0.4,1.3,0.1,0.1,1.1,-1.0,-1.0,1.3,0.1,1.3,0.3,-0.3,0.1,1.1,-1.0,-0.1,-1.5,-0.3,-0.1,1.2,0.4,-0.6,-0.7,-0.3,0.8,-0.8,-0.6,-1.6,0.1,1.5,0.4,-0.1,0.3,0.4,1.4,-0.3,0.4,-1.6,0.3,1.7,0.6,-0.3,-1.7,-1.4,1.2,0.8,-0.5,0.1,-0.6,-0.4,-0.8,-0.4,-0.6,0.6,0.1,-0.4,1.3,-0.2,-1.2,1.2,-0.8,-0.3,0.3,-1.0,-0.2,-1.0,-0.6,-1.5,1.0,1.0,1.0,0.6,-0.7,-0.9,-1.3,0.5,-0.1,0.3,-0.2,-0.2,0.8,-1.2,-1.3,-0.2
1.1,1.1,0.8,0.4,-1.1,0.3,-1.2,-1.1,66.4,-0.5,0.1,-1.6,-0.7,1.5,0.2,-0.2,-0.1,0.2,0.5,-0.6,-0.9,-1.5,-0.9,-0.3,-0.6,0.6,0.1,-0.2,0.1,1.0,1.1,0.1,-0.4,0.3,1.3,0.2,-0.4,0.6,0.8,0.3,0.5,0.4,-0.7,0.1,0.5,1.0,1.2,0.8,1.0,0.4,-1.1,0.8,0.5,1.1,-0.7,-1.1,-0.7,1.1,0.9,-0.4,0.1,-0.7,-0.7,0.6,0.7,-1.1,-1.2,1.4,0.3,0.3,-0.4,0.3,-0.1,-0.5,-1.4,0.2,-0.7,0.2,0.4,-1.7,-1.0,0.5,1.5,-0.2,-1.4,0.4,-0.5,-1.5,0.9,-0.1,-0.7,-0.1,0.1,-0.5,0.7,-0.4,-0.5,0.5,-1.1,0.8
0.3,0.5,-0.2,-0.5,-0.9,0.4,-1.3,-0.2,-0.5,66.6,-0.2,0.2,-0.3,0.4,-0.6,0.1,0.2,-0.1,-0.6,-0.9,1.4,-1.0,-0.2,-0.5,0.5,-0.8,-0.7,0.7,1.2,0.2,1.4,0.7,-0.7,0.1,0.3,-0.8,-1.8,-0.4,-1.4,0.8,-0.7,-1.3,-0.8,-1.3,1.5,-0.1,0.1,-0.8,-0.4,0.9,-0.6,0.5,0.2,1.0,-0.2,0.2,-0.1,-1.4,0.8,-1.0,0.8,-1.0,1.1,-0.6,-1.4,-0.1,0.4,0.7,0.7,-0.5,0.8,-1.5,0.9,0.4,1.1,0.4,-0.9,0.4,-1.2,1.1,-0.1,-0.8,1.4,-0.3,0.2,0.1,0.6,-1.2,-0.3,0.1,-0.3,-0.7,0.4,1.1,0.4,1.1,-1.1,-1.2,0.9,-0.4
1.5,-1.3,1.4,1.1,0.1,-1.8,-1.1,1.2,0.1,-0.2,63.1,0.3,-0.1,0.3,-0.7,-0.4,-1.5,-0.8,0.4,-0.8,-1.5,-0.1,-0.2,1.3,-0.5,0.2,0.1,0.1,0.4,-0.7,-0.1,-0.2,0.6,-0.2,-1.1,0.6,-0.8,0.1,-0.4,-0.7,0.6,0.1,-0.3,0.6,1.2,0.1,0.7,0.8,-0.7,0.7,0.2,-1.0,1.1,-0.4,0.9,0.7,0.1,-0.5,-0.4,-0.3,0.2,-0.3,-1.2,0.3,0.1,1.3,0.2,-0.6,-1.1,0.6,1.1,-0.1,0.6,-0.5,0.9,1.4,-1.0,-0.2,0.3,-0.8,-1.4,-0.3,0.2,0.1,0.7,0.4,-1.1,-0.9,0.5,-0.4,1.3,0.5,0.4,0.7,-1.6,-0.9,0.3,0.1,0.5,-1.6
0.5,-1.4,0.2,-1.4,-1.0,0.8,-0.1,0.3,-1.6,0.2,0.3,62.6,-0.9,1.4,0.5,-0.4,-0.3,1.6,-0.8,1.0,-0.1,0.4,-0.8,0.1,-0.4,0.2,-0.9,0.4,-0.5,0.1,-0.1,-1.0,-0.3,-1.4,-0.1,1.6,-1.0,-0.2,1.2,-1.2,-0.6,-0.4,-0.2,0.6,0.9,0.9,-0.8,0.2,-0.1,0.5,0.2,1.0,0.7,1.1,0.1,-0.4,0.8,0.1,-0.3,0.1,-0.1,0.2,-0.8,0.1,0.8,-1.2,-0.3,1.1,-0.4,1.5,0.7,0.2,-1.6,-1.4,-0.4,-0.2,-0.2,-0.1,-0.4,0.1,0.7,0.3,-1.1,0.4,-0.3,-0.8,-0.6,-0.1,-0.6,0.4,-0.7,-0.1,-0.4,-1.5,-1.1,-0.9,1.1,1.4,-1.3,-0.3
-0.4,-1.4,0.9,0.1,-0.9,0.5,-0.2,-0.5,-0.7,-0.3,-0.1,-0.9,67.1,-1.1,-0.4,0.1,-0.4,0.5,1.8,0.6,0.7,-0.2,-0.7,-0.1,-0.9,-1.0,-0.2,0.3,0.7,-1.2,1.1,0.3,1.2,0.1,0.1,-0.4,-0.1,-0.9,-1.3,1.1,0.2,0.6,-1.7,-0.4,-0.2,-0.1,1.1,1.3,-0.4,0.1,0.2,-1.0,0.5,-0.7,-0.7,-0.8,0.9,1.3,-0.6,0.5,1.0,-0.5,1.2,-0.7,1.1,-1.6,0.6,-0.5,0.7,-0.8,1.1,0.6,0.1,-0.8,0.4,0.6,-1.2,-0.5,-0.2,-1.0,0.7,-1.5,-1.8,-0.5,1.8,-0.5,0.1,-0.9,1.8,0.2,-0.6,-0.3,0.1,0.6,0.1,-0.6,1.2,-0.1,0.1,-0.7
-1.1,0.6,0.9,0.8,0.8,0.9,1.4,1.5,1.5,0.4,0.3,1.4,-1.1,63.1,0.9,-0.3,-0.8,-1.1,0.4,1.4,-0.4,0.1,-0.6,-0.8,-0.3,-1.1,1.0,0.8,-0.1,0.9,0.3,-0.2,-0.2,-0.4,0.1,-0.3,-0.6,-0.6,0.1,1.6,-0.2,0.1,-0.3,0.1,0.3,-0.1,0.1,-0.5,1.2,0.2,0.4,0.1,-1.2,-0.1,-0.4,-0.3,1.4,0.1,-0.1,1.8,-1.3,-0.1,0.2,-0.3,-1.0,0.2,-0.9,-1.7,-0.3,0.7,-0.3,-0.3,1.0,1.3,-0.1,-0.3,-0.6,-0.9,1.3,0.1,-0.2,0.1,-0.1,-1.0,-0.1,-1.5,0.2,-0.3,-1.0,-0.1,0.3,-1.7,0.4,1.3,-0.9,-0.2,-0.6,-1.6,1.0,0.5
0.4,0.4,-0.5,-1.4,0.6,-0.6,-0.2,0.5,0.2,-0.6,-0.7,0.5,-0.4,0.9,65.7,1.4,-1.2,-1.3,0.2,-1.4,0.3,0.1,-0.2,-0.1,0.2,-0.2,0.4,-0.1,-0.8,-1.2,1.8,-0.4,0.1,0.5,0.3,-0.5,1.0,1.0,0.1,-0.9,0.2,0.2,1.0,0.7,-1.1,0.9,-0.9,0.2,-0.7,0.5,-1.3,-1.8,0.1,-0.8,-0.5,0.8,-0.2,-0.3,-0.5,-0.6,0.7,-1.1,-0.7,0.5,0.9,0.5,0.3,-1.0,0.9,0.7,1.5,1.3,-0.6,0.6,0.4,-0.6,0.9,-0.5,1.3,0.5,-0.5,-0.7,0.7,-0.4,0.2,-1.3,0.5,0.5,-0.3,0.5,0.9,0.8,0.9,1.0,0.7,0.2,1.0,-0.9,0.5,0.8
-1.5,-0.4,-0.8,-1.5,1.3,0.7,0.6,-1.0,-0.2,0.1,-0.4,-0.4,0.1,-0.3,1.4,61.0,-0.4,-0.8,0.4,-0.4,-0.4,0.9,0.9,0.6,0.1,0.2,0.3,0.3,-0.2,0.3,0.4,-1.2,1.3,-0.4,0.3,1.5,0.5,0.1,0.6,-1.5,1.3,0.2,-0.5,-0.1,1.0,0.3,0.1,-1.0,0.8,0.1,0.8,-0.7,-0.2,-0.6,-0.6,0.1,-0.3,0.3,0.9,1.4,1.0,-0.8,-0.4,0.6,-0.2,-0.4,0.4,-1.4,0.1,-1.2,0.7,0.3,1.1,-0.4,0.5,-0.4,0.7,-0.1,1.4,0.2,1.9,-0.3,0.5,-1.0,0.1,0.1,-0.2,0.5,-0.2,-1.3,-1.7,-0.1,-1.6,-0.7,0.1,0.3,-0.7,0.6,-0.2,-0.6
1.1,1.7,0.3,-0.4,-0.1,0.3,0.7,-0.4,-0.1,0.2,-1.5,-0.3,-0.4,-0.8,-1.2,-0.4,65.2,-0.6,0.7,0.5,-1.2,0.7,0.4,0.1,0.3,-0.9,-0.9,-0.2,1.0,-0.9,-0.2,0.1,-0.3,-0.4,1.1,-0.8,0.9,0.5,-1.5,1.5,1.1,-1.2,1.7,0.7,-1.4,-0.6,-0.4,-0.9,-0.1,-0.1,0.9,-0.1,0.7,0.1,0.2,-0.3,-1.3,-0.1,-1.6,1.1,-1.3,-1.3,0.1,0.1,-0.2,-1.1,0.2,-0.7,-1.1,-0.5,-0.4,-1.0,-1.2,-1.3,1.0,0.4,0.1,0.1,-0.1,-1.1,-0.6,-0.5,0.7,-0.7,0.8,0.2,1.3,0.9,-0.5,0.8,-0.1,0.2,-0.3,1.7,0.8,0.2,-0.4,0.6,0.1,0.3
0.2,-0.9,-0.4,0.3,0.1,-0.3,-0.4,1.3,0.2,-0.1,-0.8,1.6,0.5,-1.1,-1.3,-0.8,-0.6,59.6,-0.4,-0.7,-1.3,0.7,-0.7,-0.9,-0.5,0.2,0.1,-0.2,-0.2,-0.2,0.4,0.1,-1.1,-1.1,-0.2,1.3,0.5,0.5,-1.2,-0.5,0.1,0.1,-0.6,0.1,1.0,-0.2,0.6,0.8,0.1,-0.9,-0.2,-0.9,1.3,0.4,-1.4,-0.6,0.1,0.3,-1.1,1.4,-0.3,1.1,-0.4,-0.4,-0.7,1.7,-0.5,-0.2,-0.5,0.5,-0.2,0.3,1.3,-1.4,0.7,-0.9,-0.2,-0.5,0.4,0.7,0.1,-0.2,-0.8,0.1,-1.0,0.6,0.5,-0.1,-0.1,1.0,-0.3,-1.0,0.8,0.6,-0.7,-0.2,0.4,-1.3,-0.5,-0.3
-0.2,-0.3,0.8,0.7,-0.4,0.5,-0.3,0.1,0.5,-0.6,0.4,-0.8,1.8,0.4,0.2,0.4,0.7,-0.4,62.7,-0.6,-0.2,0.1,0.5,0.5,-0.5,-0.6,-1.7,0.4,-0.8,1.7,0.1,-1.1,-0.4,-1.4,-0.5,-0.2,0.2,0.7,-1.1,-0.9,0.5,-0.3,-0.1,0.1,-0.1,1.3,1.4,-1.2,0.6,0.6,1.6,0.2,-0.7,1.2,-1.5,0.2,0.2,1.0,-1.0,-1.6,-1.5,0.6,0.4,0.1,-0.1,-0.8,0.7,0.6,0.8,-0.2,0.9,1.2,1.3,-0.2,0.2,-0.3,-0.5,-0.3,-0.2,0.7,-0.5,0.6,0.2,0.7,-0.1,0.2,0.5,-0.9,-0.5,0.8,1.2,1.0,0.1,1.0,0.5,0.6,-0.1,0.6,-0.7,1.2
1.5,-1.0,-0.8,0.7,-1.3,1.5,1.6,0.1,-0.6,-0.9,-0.8,1.0,0.6,1.4,-1.4,-0.4,0.5,-0.7,-0.6,75.0,0.4,0.9,-0.2,1.6,0.2,0.2,1.7,-1.0,0.6,0.9,-0.5,0.6,1.1,0.1,1.1,0.4,-0.5,-0.5,-0.7,0.5,-0.9,-0.8,0.1,0.2,-0.2,0.7,0.1,-1.3,-1.3,1.4,-0.9,0.9,-0.2,-1.0,0.8,1.2,0.1,0.9,1.1,-1.8,0.7,0.1,-0.2,1.2,-1.1,0.3,1.0,0.3,-1.1,-0.1,0.3,1.5,-0.6,-1.6,1.5,1.6,-0.3,0.1,-0.3,0.3,0.3,-0.1,-1.1,-1.1,-0.9,-0.1,-0.8,0.2,-0.1,-0.5,0.2,-0.4,0.7,1.6,-1.1,-0.7,-1.7,1.4,-0.5,0.3
0.9,-0.1,0.3,-0.3,0.8,0.6,-0.7,1.1,-0.9,1.4,-1.5,-0.1,0.7,-0.4,0.3,-0.4,-1.2,-1.3,-0.2,0.4,71.4,1.2,0.1,1.4,-0.9,0.9,1.6,-0.8,0.8,0.1,-0.6,0.8,-1.8,-1.4,-0.8,1.5,-0.6,-1.1,-0.3,-0.1,1.5,0.4,0.1,-0.5,-0.2,-1.1,0.4,0.7,-0.4,1.1,-0.7,0.6,0.2,0.2,-0.3,1.2,1.4,-0.3,-0.2,-0.4,-0.7,-0.9,1.1,-1.0,0.2,-0.6,-0.1,-0.5,0.4,-1.1,-0.3,0.5,0.6,0.2,-1.5,-0.9,-1.3,-0.9,-0.1,-0.6,-1.3,-0.5,0.1,1.3,-0.5,0.5,0.3,0.2,0.4,1.2,1.5,0.4,1.7,0.6,-1.6,-0.3,0.8,-1.7,-0.3,0.4
-1.5,-1.3,0.6,-1.4,-1.1,0.6,0.3,-1.0,-1.5,-1.0,-0.1,0.4,-0.2,0.1,0.1,0.9,0.7,0.7,0.1,0.9,1.2,68.1,1.5,1.0,-0.8,-0.4,1.2,1.5,-0.3,-1.3,0.5,-0.4,-1.8,-0.7,-0.8,-0.3,1.7,0.9,0.3,1.2,1.2,0.1,-0.5,-0.1,1.1,0.5,0.1,0.1,-0.4,-0.9,0.1,-0.2,-0.3,-0.3,0.1,1.1,0.5,-0.1,-0.1,-0.8,-0.4,0.1,1.1,0.1,1.9,0.2,-0.2,1.5,0.3,0.7,0.1,0.9,-0.7,-1.6,-0.1,0.1,1.7,0.2,-1.2,-0.2,0.5,0.7,0.5,0.8,0.1,0.1,0.8,0.7,0.6,-0.9,-0.8,-0.4,0.9,0.7,1.3,0.9,-0.2,-0.6,-1.3,-1.1
0.1,1.0,1.7,0.3,-0.2,0.9,-0.4,-1.0,-0.9,-0.2,-0.2,-0.8,-0.7,-0.6,-0.2,0.9,0.4,-0.7,0.5,-0.2,0.1,1.5,65.7,-0.2,-1.1,-0.8,1.4,1.1,-1.0,0.1,0.4,0.2,-0.5,0.5,0.1,-0.1,-0.9,0.9,-1.2,-0.5,1.1,0.1,0.9,-1.2,-1.0,-1.0,0.1,0.6,0.6,0.4,0.6,0.7,-1.3,-0.5,0.7,-1.0,-0.9,0.5,-0.4,-0.5,-0.8,-1.7,-1.0,-0.9,1.0,1.5,-0.1,-0.6,-0.8,-0.2,-1.0,-0.9,1.6,-0.8,0.1,-0.3,0.7,0.4,-1.1,0.4,-0.2,0.1,-0.1,-0.5,-0.7,1.1,-0.5,0.3,0.8,0.5,0.1,0.8,-1.1,-1.1,0.1,1.3,0.1,0.5,0.1,-1.2
-0.1,0.1,0.3,-1.3,0.3,1.5,-0.5,1.3,-0.3,-0.5,1.3,0.1,-0.1,-0.8,-0.1,0.6,0.1,-0.9,0.5,1.6,1.4,1.0,-0.2,68.6,-1.2,-0.5,0.2,-1.0,-1.7,-1.7,0.8,1.4,0.1,0.3,0.7,0.6,1.0,1.9,0.3,0.4,0.2,0.2,0.7,0.3,-0.7,1.4,0.2,-1.0,0.6,0.1,0.7,-0.3,-0.1,-0.8,-0.7,1.0,1.5,1.3,0.5,1.0,-0.7,0.2,-1.2,-0.7,1.5,0.1,-0.5,1.2,-0.3,-0.5,0.1,0.9,-0.3,-1.4,0.1,1.5,0.4,0.6,-0.6,1.2,0.1,-1.6,-0.3,0.1,-1.0,-1.1,-0.8,0.9,0.8,0.1,-0.7,-1.3,-0.3,-0.4,0.2,0.4,-0.4,0.8,-1.2,0.1
-0.7,-0.8,0.5,0.1,0.1,0.4,-0.8,0.1,-0.6,0.5,-0.5,-0.4,-0.9,-0.3,0.2,0.1,0.3,-0.5,-0.5,0.2,-0.9,-0.8,-1.1,-1.2,61.3,-0.1,-0.9,-0.1,0.5,-1.3,-1.0,0.7,0.6,0.9,-0.7,-0.3,-1.6,-0.2,1.5,-1.0,-0.1,-1.1,-1.7,0.3,1.4,-0.8,0.3,0.3,-1.3,-1.1,-0.2,-0.2,-0.3,0.7,1.6,-1.6,0.1,-0.9,-0.1,-0.8,-0.1,0.1,0.8,1.4,0.5,0.5,0.4,0.2,0.4,1.4,0.8,-0.7,0.4,-0.3,0.4,0.8,0.7,-0.6,0.1,0.4,0.2,0.1,0.1,0.1,0.4,1.4,-0.4,0.9,0.3,1.3,1.0,-0.4,-1.6,-0.4,-0.4,-0.3,-0.4,0.4,0.6,-0.8
0.9,-0.1,-1.1,-1.0,-1.0,-0.2,-0.8,1.3,0.6,-0.8,0.2,0.2,-1.0,-1.1,-0.2,0.2,-0.9,0.2,-0.6,0.2,0.9,-0.4,-0.8,-0.5,-0.1,63.9,-0.4,0.4,0.7,-1.4,-0.7,-0.6,-1.0,0.3,0.3,-0.4,1.2,-0.6,0.6,-1.1,-1.0,0.2,-1.2,-0.5,0.5,-0.4,1.2,-0.7,0.4,0.7,0.1,1.7,0.4,-0.2,-0.6,0.1,-0.9,0.3,0.4,-0.3,-0.8,0.4,-0.6,0.8,-0.1,-1.2,-1.9,0.1,0.2,-0.1,0.7,-0.9,-1.3,0.7,-0.2,-0.2,0.2,-1.2,-0.9,0.7,-1.2,-0.8,0.3,-1.2,0.8,-0.6,0.4,0.3,1.0,-1.1,0.4,0.8,-0.9,-0.7,0.5,1.3,1.0,0.1,0.3,0.2
0.3,-0.3,1.4,0.4,1.2,-0.8,-1.1,0.3,0.1,-0.7,0.1,-0.9,-0.2,1.0,0.4,0.3,-0.9,0.1,-1.7,1.7,1.6,1.2,1.4,0.2,-0.9,-0.4,70.4,-1.6,0.1,-0.6,-0.4,-1.4,-1.7,0.2,-1.4,-0.5,-0.5,1.0,0.3,0.1,1.0,-0.2,1.0,0.3,0.7,-0.2,-0.4,0.1,0.1,-1.7,0.5,-1.6,0.8,0.3,-1.1,1.5,-0.4,1.1,-0.4,-1.2,-0.2,-0.6,-0.3,1.2,-1.1,-0.9,-0.6,0.1,-0.9,1.6,1.3,-0.7,0.7,-0.1,-0.7,-0.8,0.7,0.4,0.1,0.1,0.5,0.5,0.7,0.4,-0.1,0.6,-1.1,-1.0,0.3,-1.1,0.4,-1.1,-0.9,-0.2,-1.5,0.1,-1.0,-0.3,-0.5,1.0
-1.2,-0.4,-1.0,-1.0,1.4,-0.5,0.6,-0.3,-0.2,0.7,0.1,0.4,0.3,0.8,-0.1,0.3,-0.2,-0.2,0.4,-1.0,-0.8,1.5,1.1,-1.0,-0.1,0.4,-1.6,69.1,0.5,0.7,1.0,0.4,1.0,-1.6,-0.3,0.4,0.6,-0.2,0.7,-1.2,1.1,-0.4,-0.7,1.8,-1.0,1.5,-1.8,1.3,0.9,0.7,-0.3,0.9,1.2,0.8,-0.2,1.4,0.5,0.4,-0.2,0.5,0.1,0.1,1.2,0.1,-0.6,-0.5,-1.7,-0.5,-0.4,-0.1,0.3,-0.3,-1.5,-0.7,-0.3,-0.6,-0.2,-1.1,0.6,0.1,-0.3,-1.2,0.1,-0.5,-1.4,1.8,0.9,-1.4,0.5,0.1,0.8,-0.1,0.9,-0.7,0.7,0.2,-0.2,-1.2,-0.5,-0.8
-0.1,0.2,-1.5,-0.6,-0.7,0.7,1.7,0.1,0.1,1.2,0.4,-0.5,0.7,-0.1,-0.8,-0.2,1.0,-0.2,-0.8,0.6,0.8,-0.3,-1.0,-1.7,0.5,0.7,0.1,0.5,59.5,0.1,-0.6,0.1,0.1,0.3,-0.2,0.1,0.5,-1.0,-0.3,0.1,0.3,0.1,-0.8,-0.1,-0.5,1.3,0.2,1.0,1.5,0.9,0.1,-0.7,0.5,1.7,-0.4,1.6,-1.4,-1.5,0.8,0.2,-0.1,-1.9,0.1,-0.2,-0.9,-1.0,-0.7,0.2,-0.2,0.1,0.5,1.0,0.7,0.2,0.3,-0.7,-0.3,-0.6,0.6,-0.6,0.1,0.3,-0.6,0.1,0.2,0.4,1.8,-0.6,0.4,-0.4,-0.2,-1.3,0.2,0.2,-0.9,-0.4,1.6,-0.6,0.5,1.0
0.1,-0.3,1.6,1.0,-0.6,-0.3,-0.2,1.1,1.0,0.2,-0.7,0.1,-1.2,0.9,-1.2,0.3,-0.9,-0.2,1.7,0.9,0.1,-1.3,0.1,-1.7,-1.3,-1.4,-0.6,0.7,0.1,73.6,0.4,-1.2,-0.8,0.5,-1.3,-0.3,-0.2,1.4,1.5,0.8,1.4,0.7,-0.2,-0.5,0.3,0.4,1.5,-1.0,-0.4,0.8,0.5,-0.1,1.4,-1.0,0.2,0.1,1.0,0.8,0.8,-0.3,0.1,1.2,-1.5,-0.1,-1.2,-0.8,1.0,0.7,-0.3,-0.6,0.1,-0.8,0.6,0.8,-0.3,-0.6,0.9,-1.1,0.7,-1.1,0.7,-1.1,0.6,-0.3,0.9,0.3,0.4,1.7,-1.1,-0.4,1.5,0.7,-1.1,0.7,-0.8,0.7,0.3,-0.2,-0.1,-1.9
-1.4,-1.2,-1.6,-1.0,0.7,-0.2,0.9,-1.0,1.1,1.4,-0.1,-0.1,1.1,0.3,1.8,0.4,-0.2,0.4,0.1,-0.5,-0.6,0.5,0.4,0.8,-1.0,-0.7,-0.4,1.0,-0.6,0.4,62.9,1.6,-0.2,-0.2,-0.3,1.5,0.7,0.7,0.6,-1.2,0.7,-0.3,0.4,0.5,0.4,0.1,-0.2,-0.9,-1.1,-0.1,0.4,-0.2,-0.5,-0.4,-0.3,0.1,0.6,0.5,0.1,0.8,0.2,-0.5,-0.3,-0.4,1.4,-0.2,1.8,-0.7,0.9,-0.6,-0.8,0.7,0.1,-1.4,-1.1,0.6,0.6,0.6,-0.6,-0.1,0.5,0.8,0.5,1.2,0.3,0.5,0.2,0.6,-0.9,0.6,0.4,0.9,0.4,-1.3,0.1,0.3,0.6,0.1,0.1,1.5
0.3,-0.3,0.5,0.5,0.2,1.2,0.4,-0.1,0.1,0.7,-0.2,-1.0,0.3,-0.2,-0.4,-1.2,0.1,0.1,-1.1,0.6,0.8,-0.4,0.2,1.4,0.7,-0.6,-1.4,0.4,0.1,-1.2,1.6,61.3,-0.3,0.3,-0.9,-1.0,0.5,-1.2,0.6,-0.2,0.8,-1.8,0.1,0.3,-0.6,-1.5,-0.2,0.1,0.1,0.1,-1.1,0.3,-0.2,0.5,0.4,-1.7,0.3,-1.2,0.5,-1.6,-0.9,-0.6,0.3,1.0,-1.4,0.3,1.1,-0.4,-0.1,0.6,-0.3,-0.2,-0.1,-0.8,0.3,0.4,-1.0,1.5,1.0,1.0,0.4,-0.2,0.4,-0.2,0.3,0.1,1.4,0.4,-0.6,-1.0,0.1,-1.2,-0.7,-0.5,-0.3,0.4,1.5,0.2,-1.3,0.1
0.2,0.3,-1.5,-0.2,-0.1,-0.7,-0.6,-1.5,-0.4,-0.7,0.6,-0.3,1.2,-0.2,0.1,1.3,-0.3,-1.1,-0.4,1.1,-1.8,-1.8,-0.5,0.1,0.6,-1.0,-1.7,1.0,0.1,-0.8,-0.2,-0.3,61.1,-1.5,-0.4,0.1,-0.5,-1.8,-0.1,0.6,-0.6,-0.5,-1.5,-0.1,-1.0,-0.1,1.0,1.3,0.6,-1.0,-1.3,-0.5,0.1,0.6,-0.4,0.1,-0.4,0.6,-1.0,1.3,-0.2,0.3,-0.2,0.9,-0.6,-0.9,0.2,-0.1,0.6,0.1,-0.1,0.7,0.9,-0.6,-0.8,0.1,-0.7,0.1,0.9,-1.0,-0.2,0.2,0.1,-0.2,-0.3,-0.6,-0.2,-0.3,0.7,-0.2,-1.0,-0.8,-0.2,-0.6,-1.0,0.2,0.9,0.8,-0.6,-0.3
0.4,1.0,-1.1,-0.7,-0.3,-0.2,-1.8,-0.3,0.3,0.1,-0.2,-1.4,0.1,-0.4,0.5,-0.4,-0.4,-1.1,-1.4,0.1,-1.4,-0.7,0.5,0.3,0.9,0.3,0.2,-1.6,0.3,0.5,-0.2,0.3,-1.5,64.6,0.2,0.2,-0.1,0.5,-0.5,0.1,-1.8,0.2,-0.7,1.0,-1.0,-0.7,-0.1,0.2,-0.8,1.8,-0.8,-0.4,0.4,-0.4,-1.2,1.5,1.3,-0.5,0.4,0.6,0.3,-0.3,0.4,0.4,0.1,-0.5,-0.1,1.7,-1.0,1.2,-0.7,0.4,0.3,-1.6,0.4,0.6,0.4,-1.4,0.7,-0.8,-1.2,-0.1,0.1,0.8,-1.1,0.4,-1.0,1.1,1.1,1.7,-0.8,-0.3,-0.5,0.5,0.2,0.8,-0.6,0.1,0.5,-0.1
0.2,0.5,-1.2,-0.1,1.0,0.2,0.3,-0.1,1.3,0.3,-1.1,-0.1,0.1,0.1,0.3,0.3,1.1,-0.2,-0.5,1.1,-0.8,-0.8,0.1,0.7,-0.7,0.3,-1.4,-0.3,-0.2,-1.3,-0.3,-0.9,-0.4,0.2,62.6,0.5,0.6,1.2,-1.2,-0.8,-0.2,-1.5,-0.1,0.2,1.5,-1.0,0.9,-0.9,1.2,-0.3,-0.1,0.7,-1.6,0.2,-1.4,1.2,-0.3,0.9,1.2,0.1,0.1,2.0,0.3,0.8,0.1,0.3,-0.3,-1.2,0.1,0.1,-0.9,0.7,-0.8,0.1,0.5,-0.3,1.5,-1.1,-0.3,-1.2,-1.5,1.0,-0.4,0.1,0.6,-0.1,0.5,0.7,-0.3,0.1,1.2,0.8,-1.4,0.8,-0.5,0.3,0.4,0.1,0.7,-0.1
1.2,0.2,-0.5,-0.5,0.1,0.8,0.4,1.2,0.2,-0.8,0.6,1.6,-0.4,-0.3,-0.5,1.5,-0.8,1.3,-0.2,0.4,1.5,-0.3,-0.1,0.6,-0.3,-0.4,-0.5,0.4,0.1,-0.3,1.5,-1.0,0.1,0.2,0.5,67.0,-0.5,-1.0,0.5,-0.1,-0.1,0.4,0.5,-1.2,-1.5,-0.4,1.0,-0.7,0.1,-1.5,-0.8,-0.4,0.1,-2.0,-1.0,1.4,1.0,-0.9,-0.7,1.3,-0.3,-1.3,0.2,-0.1,-0.9,1.2,0.9,0.3,1.2,-0.4,0.3,0.3,0.9,-1.0,-0.2,0.1,-1.1,-1.1,1.0,-1.1,-1.2,1.0,0.9,-0.2,0.5,-0.5,-1.4,0.8,-0.1,1.0,-0.8,-1.5,0.5,0.2,-0.1,-0.4,1.0,0.2,-0.1,0.3
-0.9,0.1,-1.2,-0.1,-0.8,-0.9,0.4,0.4,-0.4,-1.8,-0.8,-1.0,-0.1,-0.6,1.0,0.5,0.9,0.5,0.2,-0.5,-0.6,1.7,-0.9,1.0,-1.6,1.2,-0.5,0.6,0.5,-0.2,0.7,0.5,-0.5,-0.1,0.6,-0.5,67.5,-1.6,0.3,1.2,0.7,-0.3,0.4,0.5,0.1,-1.1,-0.2,0.4,-1.0,0.2,-0.2,0.1,-0.6,0.7,0.1,0.2,0.4,-0.3,-1.5,-1.4,-0.7,0.1,-0.8,-0.4,-0.1,-0.2,-1.2,0.1,0.8,-1.3,-0.3,0.4,0.2,-0.7,1.6,1.6,1.5,0.4,-1.1,0.5,-0.9,0.3,-0.8,-0.9,0.8,0.8,-0.6,-0.6,-0.5,-1.5,0.6,0.3,-1.5,0.4,1.0,-1.0,1.2,0.1,0.3,-1.1
-1.1,0.3,-0.1,-0.2,-0.4,0.6,-0.2,-0.6,0.6,-0.4,0.1,-0.2,-0.9,-0.6,1.0,0.1,0.5,0.5,0.7,-0.5,-1.1,0.9,0.9,1.9,-0.2,-0.6,1.0,-0.2,-1.0,1.4,0.7,-1.2,-1.8,0.5,1.2,-1.0,-1.6,67.6,0.5,1.5,1.3,1.0,-0.4,-0.4,0.2,0.2,0.8,-0.3,0.2,0.8,-0.2,-1.6,0.1,0.7,-0.1,1.4,0.2,-0.4,-1.3,-0.6,0.3,0.3,1.9,-1.1,0.2,-0.6,-0.7,0.9,1.1,-1.0,-0.5,-1.2,-0.5,0.3,0.7,-1.4,1.2,-0.4,-1.6,0.6,0.7,-0.8,-0.4,0.1,0.5,-0.2,-0.2,-0.3,-1.4,0.2,0.8,1.1,0.6,-0.1,0.1,-0.1,-0.5,0.1,0.8,-1.1
-0.7,-0.9,0.1,0.4,0.6,0.1,1.3,-0.7,0.8,-1.4,-0.4,1.2,-1.3,0.1,0.1,0.6,-1.5,-1.2,-1.1,-0.7,-0.3,0.3,-1.2,0.3,1.5,0.6,0.3,0.7,-0.3,1.5,0.6,0.6,-0.1,-0.5,-1.2,0.5,0.3,0.5,69.3,0.7,-0.3,-0.1,-1.3,0.1,0.2,-1.2,-0.3,0.8,-0.2,0.6,-0.4,-1.2,-0.1,0.7,0.2,0.1,0.2,0.6,1.0,-0.1,0.8,0.1,1.0,-0.4,-0.1,1.1,1.4,0.6,1.6,1.0,0.8,-1.4,1.8,-0.6,-0.3,-1.0,0.8,-1.5,-1.4,-0.1,-1.1,0.9,0.5,0.7,-0.1,-0.8,-0.3,1.1,-1.1,0.3,0.1,-1.4,-1.3,0.7,-0.6,1.2,0.6,-0.4,1.3,0.1
0.6,-1.2,-0.1,-0.7,-0.1,-0.9,-0.2,-0.3,0.3,0.8,-0.7,-1.2,1.1,1.6,-0.9,-1.5,1.5,-0.5,-0.9,0.5,-0.1,1.2,-0.5,0.4,-1.0,-1.1,0.1,-1.2,0.1,0.8,-1.2,-0.2,0.6,0.1,-0.8,-0.1,1.2,1.5,0.7,72.6,1.2,-0.4,0.7,-0.2,-0.2,0.3,-1.1,1.2,0.8,-0.3,0.1,0.9,-1.8,-0.1,-1.9,1.3,1.0,0.2,0.4,1.8,0.1,-0.2,0.3,0.6,1.4,0.9,-1.2,-0.3,-1.0,0.6,0.7,-0.9,1.2,-0.9,0.1,-0.6,-0.7,-0.7,0.6,-1.2,0.1,1.2,0.1,0.1,0.2,0.1,0.8,-0.6,-0.9,-0.6,-0.3,1.0,-0.6,-0.9,1.4,0.6,1.5,-1.7,-1.0,0.3
-1.1,0.8,-0.2,-0.3,0.8,-0.3,0.9,0.8,0.5,-0.7,0.6,-0.6,0.2,-0.2,0.2,1.3,1.1,0.1,0.5,-0.9,1.5,1.2,1.1,0.2,-0.1,-1.0,1.0,1.1,0.3,1.4,0.7,0.8,-0.6,-1.8,-0.2,-0.1,0.7,1.3,-0.3,1.2,63.0,-0.4,1.7,0.9,0.2,-1.2,1.2,0.1,-1.2,-0.4,0.4,-0.4,0.6,-0.4,0.6,-1.4,1.1,-0.4,-0.7,-0.7,-0.6,0.3,0.1,-0.1,0.5,-0.1,-0.6,0.1,0.5,0.3,-0.8,-0.1,0.4,0.3,-0.1,-0.8,-1.7,-0.3,0.1,0.1,-0.2,0.4,1.4,0.1,-1.0,-0.1,-0.1,0.3,0.7,1.1,0.1,-1.4,0.7,-0.5,-0.2,0.2,1.5,0.6,1.5,0.3
-0.2,-1.1,0.6,-1.1,-0.8,0.1,-0.8,-0.8,0.4,-1.3,0.1,-0.4,0.6,0.1,0.2,0.2,-1.2,0.1,-0.3,-0.8,0.4,0.1,0.1,0.2,-1.1,0.2,-0.2,-0.4,0.1,0.7,-0.3,-1.8,-0.5,0.2,-1.5,0.4,-0.3,1.0,-0.1,-0.4,-0.4,59.5,0.7,-1.1,-0.1,-1.7,0.8,0.1,-0.8,0.8,-1.1,0.3,0.1,-0.2,-0.4,-1.0,-0.2,0.2,0.9,0.8,0.1,-0.1,0.6,-0.8,0.2,0.7,0.4,-0.1,-0.5,0.1,0.5,1.5,-1.1,-1.0,-0.1,-0.6,-0.3,0.7,0.8,-0.2,1.1,-0.9,0.6,0.1,0.1,0.4,-1.0,0.9,-0.2,0.2,-0.8,-1.4,-1.1,-0.7,0.8,-0.8,0.7,1.7,1.1,1.6
0.5,0.3,-0.1,1.0,0.7,-0.7,0.9,-0.6,-0.7,-0.8,-0.3,-0.2,-1.7,-0.3,1.0,-0.5,1.7,-0.6,-0.1,0.1,0.1,-0.5,0.9,0.7,-1.7,-1.2,1.0,-0.7,-0.8,-0.2,0.4,0.1,-1.5,-0.7,-0.1,0.5,0.4,-0.4,-1.3,0.7,1.7,0.7,71.2,1.9,0.9,0.5,0.6,-0.8,-0.8,-0.3,-0.7,0.6,0.4,0.4,0.6,-1.0,1.4,-1.1,0.9,0.7,1.1,1.0,1.3,0.3,0.1,-1.0,-1.2,0.4,0.1,1.1,0.6,1.6,0.7,-1.3,0.3,-0.5,0.6,1.4,-1.4,0.4,1.4,0.4,0.1,0.4,0.8,-1.1,-0.6,-0.2,1.4,0.6,-0.7,0.2,0.6,0.4,-0.2,0.1,-0.7,-0.6,0.8,-0.8
1.1,-0.9,0.1,-1.0,-1.0,1.0,-1.3,-1.6,0.1,-1.3,0.6,0.6,-0.4,0.1,0.7,-0.1,0.7,0.1,0.1,0.2,-0.5,-0.1,-1.2,0.3,0.3,-0.5,0.3,1.8,-0.1,-0.5,0.5,0.3,-0.1,1.0,0.2,-1.2,0.5,-0.4,0.1,-0.2,0.9,-1.1,1.9,63.5,0.1,0.1,1.3,1.5,-0.3,0.7,-0.8,1.1,-1.4,-0.4,-0.1,1.0,-0.6,0.1,-1.1,-0.4,0.1,-0.4,-0.1,0.8,-1.2,-1.5,0.1,-1.4,-0.6,0.4,-0.3,1.0,0.5,-0.2,-1.5,0.1,-0.6,0.4,1.2,-0.1,-1.6,-1.6,-0.5,-0.6,-1.0,0.2,0.1,-1.3,0.7,-0.8,-0.5,-0.1,0.3,0.1,-0.9,-0.3,-1.2,0.1,0.4,0.7
-0.8,0.6,0.1,-0.6,0.3,-1.2,0.1,0.1,0.5,1.5,1.2,0.9,-0.2,0.3,-1.1,1.0,-1.4,1.0,-0.1,-0.2,-0.2,1.1,-1.0,-0.7,1.4,0.5,0.7,-1.0,-0.5,0.3,0.4,-0.6,-1.0,-1.0,1.5,-1.5,0.1,0.2,0.2,-0.2,0.2,-0.1,0.9,0.1,67.1,0.1,-0.5,1.5,-1.2,-0.4,-1.9,1.1,-0.9,0.1,0.3,0.8,0.5,-1.3,0.1,0.9,-0.4,0.6,0.4,0.9,-0.3,1.2,0.8,-0.8,0.9,0.8,0.1,-0.2,0.1,-0.1,0.3,-0.2,-0.2,0.1,-0.2,-1.3,-0.9,-1.0,-0.2,1.4,0.4,-0.5,1.7,0.6,1.5,1.1,0.2,-0.5,0.1,-0.2,0.6,-1.0,-1.6,-1.2,0.4,1.9
0.8,0.2,1.0,1.4,-0.7,0.3,-0.3,1.5,1.0,-0.1,0.1,0.9,-0.1,-0.1,0.9,0.3,-0.6,-0.2,1.3,0.7,-1.1,0.5,-1.0,1.4,-0.8,-0.4,-0.2,1.5,1.3,0.4,0.1,-1.5,-0.1,-0.7,-1.0,-0.4,-1.1,0.2,-1.2,0.3,-1.2,-1.7,0.5,0.1,0.1,63.5,-1.4,0.1,-0.1,0.5,0.1,1.5,-0.3,1.2,-0.6,0.1,1.1,-0.2,0.9,0.4,0.1,1.4,1.1,-0.1,0.1,-0.4,-0.7,-0.4,-0.5,0.9,-0.8,-0.9,0.1,0.8,-0.5,-0.2,0.4,0.5,0.6,0.9,0.2,0.8,1.3,-0.4,-0.4,-1.0,0.4,-0.5,-0.6,-1.3,0.7,0.1,0.4,-1.1,-0.3,0.1,0.9,-0.2,1.5,0.1
-0.6,0.5,0.5,1.1,-0.5,0.9,1.1,0.4,1.2,0.1,0.7,-0.8,1.1,0.1,-0.9,0.1,-0.4,0.6,1.4,0.1,0.4,0.1,0.1,0.2,0.3,1.2,-0.4,-1.8,0.2,1.5,-0.2,-0.2,1.0,-0.1,0.9,1.0,-0.2,0.8,-0.3,-1.1,1.2,0.8,0.6,1.3,-0.5,-1.4,71.3,-1.2,1.1,1.3,-1.2,-0.4,0.2,0.3,-0.4,0.3,1.4,-1.0,-0.4,0.1,1.7,0.7,-0.5,1.3,-0.6,0.2,-0.2,-1.3,0.5,0.3,1.9,0.1,1.6,-1.0,-1.1,-1.1,-1.4,0.2,-0.8,-1.3,0.3,0.4,1.7,1.2,0.1,0.3,0.1,-1.2,-0.4,0.1,-0.5,-0.9,0.6,1.8,-1.5,-0.5,-0.9,0.1,0.6,0.1
1.1,2.0,0.3,-1.3,-0.6,-0.1,1.2,-0.1,0.8,-0.8,0.8,0.2,1.3,-0.5,0.2,-1.0,-0.9,0.8,-1.2,-1.3,0.7,0.1,0.6,-1.0,0.3,-0.7,0.1,1.3,1.0,-1.0,-0.9,0.1,1.3,0.2,-0.9,-0.7,0.4,-0.3,0.8,1.2,0.1,0.1,-0.8,1.5,1.5,0.1,-1.2,67.9,-0.4,0.9,-0.1,-1.6,0.3,0.7,0.3,-0.2,-0.5,-1.5,-1.2,-0.4,0.5,1.1,-1.2,0.2,0.4,1.1,0.3,0.6,-0.1,-0.8,-0.3,-0.3,-0.5,1.0,1.2,-0.3,-0.1,0.7,-0.7,1.1,-1.0,0.6,0.2,0.1,0.5,-0.4,-0.3,1.2,-0.7,-0.7,-0.2,0.1,1.3,0.6,0.5,-0.3,-1.3,1.2,-0.6,0.1
0.5,0.1,-0.4,-0.5,0.1,1.3,0.1,0.3,1.0,-0.4,-0.7,-0.1,-0.4,1.2,-0.7,0.8,-0.1,0.1,0.6,-1.3,-0.4,-0.4,0.6,0.6,-1.3,0.4,0.1,0.9,1.5,-0.4,-1.1,0.1,0.6,-0.8,1.2,0.1,-1.0,0.2,-0.2,0.8,-1.2,-0.8,-0.8,-0.3,-1.2,-0.1,1.1,-0.4,65.6,0.5,-1.3,0.2,0.2,-0.3,-0.8,-2.0,0.1,0.2,-1.6,0.5,-1.5,0.1,-0.5,0.3,1.6,-0.3,-1.0,-0.7,1.1,0.1,0.2,0.6,-0.3,-1.5,-0.1,1.7,-0.8,1.0,-1.6,0.4,0.3,0.1,-0.6,-1.1,-0.9,-1.2,-1.9,0.1,-0.1,0.3,0.6,-1.3,1.2,0.7,-0.4,0.7,-1.0,-0.3,-0.1,-0.3
-0.7,-0.9,0.3,0.8,0.4,0.3,0.1,0.4,0.4,0.9,0.7,0.5,0.1,0.2,0.5,0.1,-0.1,-0.9,0.6,1.4,1.1,-0.9,0.4,0.1,-1.1,0.7,-1.7,0.7,0.9,0.8,-0.1,0.1,-1.0,1.8,-0.3,-1.5,0.2,0.8,0.6,-0.3,-0.4,0.8,-0.3,0.7,-0.4,0.5,1.3,0.9,0.5,70.5,-0.4,0.9,-0.6,0.9,-0.5,-0.9,1.1,-0.1,1.9,-0.8,-0.1,-0.9,0.3,0.2,-0.6,0.3,0.2,0.1,0.7,1.1,-1.2,0.8,-1.8,-0.6,0.1,1.6,-1.2,-1.4,0.6,-0.5,1.5,-0.9,1.4,1.8,0.6,-0.9,-1.2,-1.1,0.1,0.5,-0.6,0.5,1.5,1.6,-0.5,0.2,1.2,0.1,-0.1,-0.6
0.3,-1.4,-0.6,-0.1,0.3,0.8,0.5,1.4,-1.1,-0.6,0.2,0.2,0.2,0.4,-1.3,0.8,0.9,-0.2,1.6,-0.9,-0.7,0.1,0.6,0.7,-0.2,0.1,0.5,-0.3,0.1,0.5,0.4,-1.1,-1.3,-0.8,-0.1,-0.8,-0.2,-0.2,-0.4,0.1,0.4,-1.1,-0.7,-0.8,-1.9,0.1,-1.2,-0.1,-1.3,-0.4,63.9,1.4,0.2,1.5,0.7,0.4,0.7,0.2,-0.6,-1.3,0.6,0.2,-0.8,0.1,-0.6,-0.7,0.5,-0.1,0.4,-1.2,-1.4,-0.3,0.6,-0.2,-0.5,-0.3,1.9,-0.1,1.2,0.1,-1.5,0.4,1.1,0.4,1.1,-0.3,1.2,0.8,0.1,-0.5,1.6,0.2,1.0,0.1,0.2,-0.7,-1.1,-0.7,0.7,-0.4
-0.6,0.7,-0.1,-0.2,-1.1,-1.8,0.1,-0.3,0.8,0.5,-1.0,1.0,-1.0,0.1,-1.8,-0.7,-0.1,-0.9,0.2,0.9,0.6,-0.2,0.7,-0.3,-0.2,1.7,-1.6,0.9,-0.7,-0.1,-0.2,0.3,-0.5,-0.4,0.7,-0.4,0.1,-1.6,-1.2,0.9,-0.4,0.3,0.6,1.1,1.1,1.5,-0.4,-1.6,0.2,0.9,1.4,69.3,0.1,-1.0,-0.6,0.6,-0.2,1.1,-0.6,-0.2,-1.4,-0.3,0.7,-1.2,-0.2,1.1,0.1,0.1,0.3,0.1,-0.3,-0.2,-0.8,-1.8,-0.1,0.9,-1.3,-0.9,-0.6,1.2,0.8,0.7,1.0,0.4,-1.3,-1.2,1.2,0.3,-0.3,0.3,0.4,-0.2,0.4,1.2,1.3,0.3,0.7,0.1,-1.5,-1.0
-0.6,0.7,0.1,0.9,0.7,0.4,-0.2,0.4,0.5,0.2,1.1,0.7,0.5,-1.2,0.1,-0.2,0.7,1.3,-0.7,-0.2,0.2,-0.3,-1.3,-0.1,-0.3,0.4,0.8,1.2,0.5,1.4,-0.5,-0.2,0.1,0.4,-1.6,0.1,-0.6,0.1,-0.1,-1.8,0.6,0.1,0.4,-1.4,-0.9,-0.3,0.2,0.3,0.2,-0.6,0.2,0.1,62.0,-1.2,-1.3,-1.2,0.4,-0.7,0.9,-1.4,-1.3,-0.5,1.7,-0.3,1.1,-1.2,-0.5,-1.5,-0.5,-0.8,0.1,0.3,0.1,0.4,0.1,-1.6,-0.3,-0.1,-0.5,0.1,0.7,-0.3,-0.6,0.4,1.1,-1.0,0.9,0.1,-0.2,-0.2,-0.5,1.0,-1.1,0.1,0.7,1.4,-1.4,0.1,-0.5,0.9
0.1,0.1,0.2,1.2,0.3,-1.9,-0.7,-1.6,1.1,1.0,-0.4,1.1,-0.7,-0.1,-0.8,-0.6,0.1,0.4,1.2,-1.0,0.2,-0.3,-0.5,-0.8,0.7,-0.2,0.3,0.8,1.7,-1.0,-0.4,0.5,0.6,-0.4,0.2,-2.0,0.7,0.7,0.7,-0.1,-0.4,-0.2,0.4,-0.4,0.1,1.2,0.3,0.7,-0.3,0.9,1.5,-1.0,-1.2,66.8,0.7,-0.5,0.1,-0.3,0.8,-0.8,-1.1,0.4,0.4,0.2,-0.5,1.1,-0.4,0.1,-0.4,1.0,0.1,0.5,-1.0,-0.8,0.1,1.7,-0.5,-0.7,1.6,-0.5,-1.4,1.2,-1.0,-0.3,1.2,-1.0,0.2,0.6,0.4,0.3,-1.0,0.6,1.7,0.6,-0.7,0.8,-0.3,-0.5,0.2,0.5
-0.5,-1.0,0.1,-0.5,0.9,-1.0,-1.3,0.3,-0.7,-0.2,0.9,0.1,-0.7,-0.4,-0.5,-0.6,0.2,-1.4,-1.5,0.8,-0.3,0.1,0.7,-0.7,1.6,-0.6,-1.1,-0.2,-0.4,0.2,-0.3,0.4,-0.4,-1.2,-1.4,-1.0,0.1,-0.1,0.2,-1.9,0.6,-0.4,0.6,-0.1,0.3,-0.6,-0.4,0.3,-0.8,-0.5,0.7,-0.6,-1.3,0.7,63.7,1.6,-0.1,-0.8,1.8,0.1,-0.1,0.9,0.1,-0.5,-0.4,1.0,1.0,0.5,1.0,-0.9,1.6,0.1,-0.2,1.1,0.1,-0.3,-0.6,1.0,0.1,-0.1,-0.2,0.5,1.4,-0.7,0.5,-1.4,-0.5,-0.5,-1.1,0.1,0.3,-0.1,0.4,-0.3,0.9,0.1,1.4,-0.3,-1.6,-1.0
-0.4,0.5,-0.3,-1.0,-0.8,1.4,-0.6,1.7,-1.1,0.2,0.7,-0.4,-0.8,-0.3,0.8,0.1,-0.3,-0.6,0.2,1.2,1.2,1.1,-1.0,1.0,-1.6,0.1,1.5,1.4,1.6,0.1,0.1,-1.7,0.1,1.5,1.2,1.4,0.2,1.4,0.1,1.3,-1.4,-1.0,-1.0,1.0,0.8,0.1,0.3,-0.2,-2.0,-0.9,0.4,0.6,-1.2,-0.5,1.6,75.8,-0.7,-0.8,0.3,-0.1,0.2,-1.3,1.3,0.3,1.1,-0.6,-1.6,0.3,-0.2,0.4,-0.5,1.2,0.4,-0.1,0.3,-0.4,0.1,-1.1,1.7,-0.1,-0.1,-0.8,1.3,0.1,0.7,-0.8,-0.2,-1.6,1.2,-0.5,1.1,0.4,-0.4,0.1,1.1,0.4,1.2,0.9,1.4,-0.4
0.5,-0.1,0.8,0.3,-0.7,-0.2,-1.1,0.6,-0.7,-0.1,0.1,0.8,0.9,1.4,-0.2,-0.3,-1.3,0.1,0.2,0.1,1.4,0.5,-0.9,1.5,0.1,-0.9,-0.4,0.5,-1.4,1.0,0.6,0.3,-0.4,1.3,-0.3,1.0,0.4,0.2,0.2,1.0,1.1,-0.2,1.4,-0.6,0.5,1.1,1.4,-0.5,0.1,1.1,0.7,-0.2,0.4,0.1,-0.1,-0.7,64.4,0.3,0.7,-1.5,0.1,0.1,-0.5,0.7,-0.1,-1.0,-0.4,0.1,-0.2,0.1,0.1,-0.3,-1.2,0.1,-0.9,-1.3,0.1,0.9,0.8,-0.9,-0.1,-0.8,-0.7,1.6,0.6,-0.9,1.0,-1.0,1.4,-1.0,1.1,1.2,-0.5,-1.9,0.6,-0.3,-1.2,-0.3,-0.7,0.1
-0.3,-0.3,0.8,-1.9,1.3,0.6,0.4,-0.3,1.1,-1.4,-0.5,0.1,1.3,0.1,-0.3,0.3,-0.1,0.3,1.0,0.9,-0.3,-0.1,0.5,1.3,-0.9,0.3,1.1,0.4,-1.5,0.8,0.5,-1.2,0.6,-0.5,0.9,-0.9,-0.3,-0.4,0.6,0.2,-0.4,0.2,-1.1,0.1,-1.3,-0.2,-1.0,-1.5,0.2,-0.1,0.2,1.1,-0.7,-0.3,-0.8,-0.8,0.3,67.0,0.1,0.4,0.2,1.6,-1.4,-0.6,0.3,-1.1,-0.6,-0.7,-0.4,-1.7,-1.0,-0.7,0.1,0.9,0.1,0.8,1.2,1.6,-1.7,-0.3,0.7,0.1,-0.3,0.2,0.5,-1.1,1.4,1.4,0.1,0.6,1.2,1.0,-0.5,0.1,-1.3,-0.2,0.7,-0.5,0.1,-0.6
1.6,-1.0,-1.1,1.0,-0.5,0.1,1.4,-1.7,0.9,0.8,-0.4,-0.3,-0.6,-0.1,-0.5,0.9,-1.6,-1.1,-1.0,1.1,-0.2,-0.1,-0.4,0.5,-0.1,0.4,-0.4,-0.2,0.8,0.8,0.1,0.5,-1.0,0.4,1.2,-0.7,-1.5,-1.3,1.0,0.4,-0.7,0.9,0.9,-1.1,0.1,0.9,-0.4,-1.2,-1.6,1.9,-0.6,-0.6,0.9,0.8,1.8,0.3,0.7,0.1,71.7,0.1,-0.1,-1.6,-0.6,-0.9,-0.9,-1.1,0.3,-0.5,-0.1,1.6,-1.1,-0.2,0.6,-0.6,1.0,-0.3,0.5,-0.5,-0.7,-0.6,-0.5,0.8,-0.5,-0.9,0.3,0.2,-0.6,0.1,-0.2,1.0,-1.0,-0.7,1.1,1.1,-0.9,-0.1,1.5,0.6,0.3,-0.2
1.3,-0.9,0.1,1.0,0.9,0.4,1.0,-1.4,-0.4,-1.0,-0.3,0.1,0.5,1.8,-0.6,1.4,1.1,1.4,-1.6,-1.8,-0.4,-0.8,-0.5,1.0,-0.8,-0.3,-1.2,0.5,0.2,-0.3,0.8,-1.6,1.3,0.6,0.1,1.3,-1.4,-0.6,-0.1,1.8,-0.7,0.8,0.7,-0.4,0.9,0.4,0.1,-0.4,0.5,-0.8,-1.3,-0.2,-1.4,-0.8,0.1,-0.1,-1.5,0.4,0.1,72.7,0.6,-0.2,0.8,1.0,0.4,-1.0,0.5,0.1,-0.1,-0.6,-0.8,-1.1,-0.8,-1.4,-0.2,-0.5,-0.6,-0.3,-0.8,0.2,-1.3,1.1,0.1,0.6,0.1,-1.4,-1.2,0.5,0.6,-1.0,-1.2,-0.6,0.4,0.5,1.9,0.1,0.2,-0.3,0.7,-0.7
0.4,-1.7,-1.1,0.7,-0.3,-1.3,-0.6,1.2,0.1,0.8,0.2,-0.1,1.0,-1.3,0.7,1.0,-1.3,-0.3,-1.5,0.7,-0.7,-0.4,-0.8,-0.7,-0.1,-0.8,-0.2,0.1,-0.1,0.1,0.2,-0.9,-0.2,0.3,0.1,-0.3,-0.7,0.3,0.8,0.1,-0.6,0.1,1.1,0.1,-0.4,0.1,1.7,0.5,-1.5,-0.1,0.6,-1.4,-1.3,-1.1,-0.1,0.2,0.1,0.2,-0.1,0.6,67.1,-0.1,-1.1,-0.3,-1.6,1.0,1.3,-0.7,-0.2,-1.3,0.2,0.9,0.1,1.0,0.1,0.6,0.4,-1.6,-1.3,0.8,1.7,-0.3,-1.2,-1.0,0.1,0.7,0.7,0.6,0.5,1.0,0.4,-1.3,-0.1,1.1,0.7,0.1,-1.1,0.7,1.5,1.6
0.9,-0.6,-0.3,0.1,0.1,-0.1,-0.2,0.8,-0.7,-1.0,-0.3,0.2,-0.5,-0.1,-1.1,-0.8,-1.3,1.1,0.6,0.1,-0.9,0.1,-1.7,0.2,0.1,0.4,-0.6,0.1,-1.9,1.2,-0.5,-0.6,0.3,-0.3,2.0,-1.3,0.1,0.3,0.1,-0.2,0.3,-0.1,1.0,-0.4,0.6,1.4,0.7,1.1,0.1,-0.9,0.2,-0.3,-0.5,0.4,0.9,-1.3,0.1,1.6,-1.6,-0.2,-0.1,60.5,0.6,-0.5,-0.5,-0.3,-0.1,-0.6,-1.6,0.1,-0.8,-0.6,0.4,1.7,-1.1,0.1,0.6,1.7,0.4,0.6,-0.1,0.6,-1.1,0.2,0.2,-0.4,1.3,-0.3,-0.8,0.3,-0.5,-0.3,-0.6,-1.0,-0.1,0.8,0.4,0.5,1.0,-0.1
0.8,-0.2,0.1,1.3,-0.2,0.1,-0.7,-0.5,-0.7,1.1,-1.2,-0.8,1.2,0.2,-0.7,-0.4,0.1,-0.4,0.4,-0.2,1.1,1.1,-1.0,-1.2,0.8,-0.6,-0.3,1.2,0.1,-1.5,-0.3,0.3,-0.2,0.4,0.3,0.2,-0.8,1.9,1.0,0.3,0.1,0.6,1.3,-0.1,0.4,1.1,-0.5,-1.2,-0.5,0.3,-0.8,0.7,1.7,0.4,0.1,1.3,-0.5,-1.4,-0.6,0.8,-1.1,0.6,72.2,1.1,0.1,1.4,1.5,-0.7,-0.5,-1.3,-0.8,-0.5,-0.6,1.2,0.8,-1.5,-0.1,0.8,0.1,1.5,0.8,0.7,0.3,-0.7,-0.8,-1.8,-1.2,-0.7,1.8,-0.2,-0.7,0.1,-0.7,1.0,-0.1,-1.1,0.7,0.1,-1.3,-0.9
0.4,-1.3,0.3,-1.2,0.6,0.1,0.2,0.1,0.6,-0.6,0.3,0.1,-0.7,-0.3,0.5,0.6,0.1,-0.4,0.1,1.2,-1.0,0.1,-0.9,-0.7,1.4,0.8,1.2,0.1,-0.2,-0.1,-0.4,1.0,0.9,0.4,0.8,-0.1,-0.4,-1.1,-0.4,0.6,-0.1,-0.8,0.3,0.8,0.9,-0.1,1.3,0.2,0.3,0.2,0.1,-1.2,-0.3,0.2,-0.5,0.3,0.7,-0.6,-0.9,1.0,-0.3,-0.5,1.1,60.5,-1.0,-1.2,-0.1,1.1,1.2,-1.4,-1.1,-1.4,-0.3,-0.6,-0.9,0.1,1.3,-0.4,0.3,0.3,1.1,0.3,0.7,-0.3,1.2,0.8,-1.0,1.0,1.6,-0.3,0.3,0.2,-0.5,-0.1,-0.4,-0.1,0.1,-0.5,-1.1,1.2
0.9,-1.1,-0.3,0.1,0.8,-1.4,-1.2,-0.6,0.7,-1.4,0.1,0.8,1.1,-1.0,0.9,-0.2,-0.2,-0.7,-0.1,-1.1,0.2,1.9,1.0,1.5,0.5,-0.1,-1.1,-0.6,-0.9,-1.2,1.4,-1.4,-0.6,0.1,0.1,-0.9,-0.1,0.2,-0.1,1.4,0.5,0.2,0.1,-1.2,-0.3,0.1,-0.6,0.4,1.6,-0.6,-0.6,-0.2,1.1,-0.5,-0.4,1.1,-0.1,0.3,-0.9,0.4,-1.6,-0.5,0.1,-1.0,70.3,-0.3,1.2,-1.0,-0.3,0.1,0.5,1.2,1.0,0.6,0.3,-0.6,1.3,0.5,-0.1,-0.1,0.4,0.3,0.8,1.7,-0.6,-0.3,1.6,1.1,-1.4,-0.2,0.4,-0.3,1.3,1.7,0.1,-0.8,1.5,0.7,-0.5,1.1
-0.2,-0.8,1.0,-1.5,0.1,-1.9,-0.9,-0.4,-1.1,-0.1,1.3,-1.2,-1.6,0.2,0.5,-0.4,-1.1,1.7,-0.8,0.3,-0.6,0.2,1.5,0.1,0.5,-1.2,-0.9,-0.5,-1.0,-0.8,-0.2,0.3,-0.9,-0.5,0.3,1.2,-0.2,-0.6,1.1,0.9,-0.1,0.7,-1.0,-1.5,1.2,-0.4,0.2,1.1,-0.3,0.3,-0.7,1.1,-1.2,1.1,1.0,-0.6,-1.0,-1.1,-1.1,-1.0,1.0,-0.3,1.4,-1.2,-0.3,72.5,-0.9,-0.2,-0.2,0.7,-0.2,-0.9,0.4,-0.1,0.3,-0.3,-1.2,-0.9,0.4,0.8,-0.1,0.6,1.4,-0.2,0.2,1.0,1.3,-1.2,1.3,-1.3,1.2,0.7,0.5,0.1,0.1,-0.3,0.2,0.2,0.1,-1.5
0.5,-0.1,1.2,0.9,-1.2,-0.3,-0.4,-0.8,-1.2,0.4,0.2,-0.3,0.6,-0.9,0.3,0.4,0.2,-0.5,0.7,1.0,-0.1,-0.2,-0.1,-0.5,0.4,-1.9,-0.6,-1.7,-0.7,1.0,1.8,1.1,0.2,-0.1,-0.3,0.9,-1.2,-0.7,1.4,-1.2,-0.6,0.4,-1.2,0.1,0.8,-0.7,-0.2,0.3,-1.0,0.2,0.5,0.1,-0.5,-0.4,1.0,-1.6,-0.4,-0.6,0.3,0.5,1.3,-0.1,1.5,-0.1,1.2,-0.9,64.8,0.9,0.7,-0.6,0.6,0.6,-0.3,-0.1,1.7,-0.5,-0.6,-1.0,0.1,-0.2,0.8,-0.1,-0.6,1.2,0.4,0.3,-0.4,-0.2,0.4,0.1,0.9,1.4,-0.6,0.4,-1.4,0.4,-0.6,-0.3,1.2,0.5
-1.0,-1.3,-0.6,0.3,-0.1,1.3,-1.6,-0.4,1.4,0.7,-0.6,1.1,-0.5,-1.7,-1.0,-1.4,-0.7,-0.2,0.6,0.3,-0.5,1.5,-0.6,1.2,0.2,0.1,0.1,-0.5,0.2,0.7,-0.7,-0.4,-0.1,1.7,-1.2,0.3,0.1,0.9,0.6,-0.3,0.1,-0.1,0.4,-1.4,-0.8,-0.4,-1.3,0.6,-0.7,0.1,-0.1,0.1,-1.5,0.1,0.5,0.3,0.1,-0.7,-0.5,0.1,-0.7,-0.6,-0.7,1.1,-1.0,-0.2,0.9,65.2,0.7,-0.1,0.8,1.7,0.8,1.3,0.2,1.1,-0.5,0.1,-0.9,0.1,-0.6,1.4,0.4,1.3,0.3,-1.1,1.1,-1.1,-0.1,0.1,0.1,-0.3,0.1,-1.2,1.1,0.4,-0.5,-0.1,0.5,1.3
-1.1,1.5,0.3,-1.2,-1.0,0.1,0.3,-0.6,0.3,0.7,-1.1,-0.4,0.7,-0.3,0.9,0.1,-1.1,-0.5,0.8,-1.1,0.4,0.3,-0.8,-0.3,0.4,0.2,-0.9,-0.4,-0.2,-0.3,0.9,-0.1,0.6,-1.0,0.1,1.2,0.8,1.1,1.6,-1.0,0.5,-0.5,0.1,-0.6,0.9,-0.5,0.5,-0.1,1.1,0.7,0.4,0.3,-0.5,-0.4,1.0,-0.2,-0.2,-0.4,-0.1,-0.1,-0.2,-1.6,-0.5,1.2,-0.3,-0.2,0.7,0.7,61.7,0.3,-0.9,0.9,-0.3,-1.6,-0.7,0.9,-1.1,0.5,0.8,1.0,1.1,0.6,-0.1,1.5,0.9,-0.1,-0.2,-0.3,0.8,0.6,-0.7,-1.5,0.8,-0.5,0.7,-0.1,-0.2,0.5,0.2,0.1
1.3,-0.8,0.3,1.0,1.0,0.8,0.2,0.6,0.3,-0.5,0.6,1.5,-0.8,0.7,0.7,-1.2,-0.5,0.5,-0.2,-0.1,-1.1,0.7,-0.2,-0.5,1.4,-0.1,1.6,-0.1,0.1,-0.6,-0.6,0.6,0.1,1.2,0.1,-0.4,-1.3,-1.0,1.0,0.6,0.3,0.1,1.1,0.4,0.8,0.9,0.3,-0.8,0.1,1.1,-1.2,0.1,-0.8,1.0,-0.9,0.4,0.1,-1.7,1.6,-0.6,-1.3,0.1,-1.3,-1.4,0.1,0.7,-0.6,-0.1,0.3,68.9,-1.4,-0.4,-0.5,-1.3,-0.5,1.6,-0.2,0.2,1.2,0.6,0.3,-1.7,1.2,-1.3,-1.4,-0.4,0.9,0.7,0.1,-0.4,0.1,0.7,-1.1,0.4,-0.4,0.9,0.1,-0.4,-0.1,-1.3
1.4,0.7,-1.1,-0.6,0.4,0.1,-0.8,0.1,-0.4,0.8,1.1,0.7,1.1,-0.3,1.5,0.7,-0.4,-0.2,0.9,0.3,-0.3,0.1,-1.0,0.1,0.8,0.7,1.3,0.3,0.5,0.1,-0.8,-0.3,-0.1,-0.7,-0.9,0.3,-0.3,-0.5,0.8,0.7,-0.8,0.5,0.6,-0.3,0.1,-0.8,1.9,-0.3,0.2,-1.2,-1.4,-0.3,0.1,0.1,1.6,-0.5,0.1,-1.0,-1.1,-0.8,0.2,-0.8,-0.8,-1.1,0.5,-0.2,0.6,0.8,-0.9,-1.4,64.2,-0.3,-0.4,0.6,-0.7,-0.9,-0.4,-0.9,-0.8,1.1,-0.8,0.5,-0.2,0.5,0.1,0.8,0.1,-1.6,-0.1,-0.7,-0.3,0.2,1.0,-1.1,0.5,1.3,-0.2,0.1,1.8,-1.0
-0.2,-1.1,-0.4,0.1,0.2,-0.9,-1.5,-0.4,0.3,-1.5,-0.1,0.2,0.6,-0.3,1.3,0.3,-1.0,0.3,1.2,1.5,0.5,0.9,-0.9,0.9,-0.7,-0.9,-0.7,-0.3,1.0,-0.8,0.7,-0.2,0.7,0.4,0.7,0.3,0.4,-1.2,-1.4,-0.9,-0.1,1.5,1.6,1.0,-0.2,-0.9,0.1,-0.3,0.6,0.8,-0.3,-0.2,0.3,0.5,0.1,1.2,-0.3,-0.7,-0.2,-1.1,0.9,-0.6,-0.5,-1.4,1.2,-0.9,0.6,1.7,0.9,-0.4,-0.3,64.1,-0.2,-0.2,-0.9,0.1,-0.4,-0.9,0.2,-0.2,0.5,-0.3,0.1,-1.3,-0.1,-1.2,-0.8,-0.9,-0.4,0.1,0.8,-0.6,-0.3,0.1,0.3,-1.7,-1.2,0.1,-0.8,-0.1
0.1,-0.3,0.6,-1.0,-0.8,-1.6,0.8,1.3,-0.1,0.9,0.6,-1.6,0.1,1.0,-0.6,1.1,-1.2,1.3,1.3,-0.6,0.6,-0.7,1.6,-0.3,0.4,-1.3,0.7,-1.5,0.7,0.6,0.1,-0.1,0.9,0.3,-0.8,0.9,0.2,-0.5,1.8,1.2,0.4,-1.1,0.7,0.5,0.1,0.1,1.6,-0.5,-0.3,-1.8,0.6,-0.8,0.1,-1.0,-0.2,0.4,-1.2,0.1,0.6,-0.8,0.1,0.4,-0.6,-0.3,1.0,0.4,-0.3,0.8,-0.3,-0.5,-0.4,-0.2,68.0,-0.1,0.5,-0.1,-0.6,1.8,1.4,-1.0,0.1,0.1,-1.0,0.4,-0.5,0.5,1.3,0.5,0.1,-1.8,-1.1,0.1,0.4,0.4,-0.4,0.1,-1.1,0.5,-1.2,0.6
0.9,-0.7,-0.6,-0.3,-0.1,-0.9,0.9,-0.2,-0.5,0.4,-0.5,-1.4,-0.8,1.3,0.6,-0.4,-1.3,-1.4,-0.2,-1.6,0.2,-1.6,-0.8,-1.4,-0.3,0.7,-0.1,-0.7,0.2,0.8,-1.4,-0.8,-0.6,-1.6,0.1,-1.0,-0.7,0.3,-0.6,-0.9,0.3,-1.0,-1.3,-0.2,-0.1,0.8,-1.0,1.0,-1.5,-0.6,-0.2,-1.8,0.4,-0.8,1.1,-0.1,0.1,0.9,-0.6,-1.4,1.0,1.7,1.2,-0.6,0.6,-0.1,-0.1,1.3,-1.6,-1.3,0.6,-0.2,-0.1,75.5,-0.1,1.2,0.7,-0.9,0.4,-1.1,-1.4,-0.7,0.2,0.9,-1.4,-0.4,-0.4,-0.5,-0.1,-0.9,0.1,0.7,0.1,-1.0,1.5,-1.1,1.4,1.2,-0.9,-0.8
-0.3,0.9,-0.5,0.1,0.1,0.2,0.6,-1.2,-1.4,1.1,0.9,-0.4,0.4,-0.1,0.4,0.5,1.0,0.7,0.2,1.5,-1.5,-0.1,0.1,0.1,0.4,-0.2,-0.7,-0.3,0.3,-0.3,-1.1,0.3,-0.8,0.4,0.5,-0.2,1.6,0.7,-0.3,0.1,-0.1,-0.1,0.3,-1.5,0.3,-0.5,-1.1,1.2,-0.1,0.1,-0.5,-0.1,0.1,0.1,0.1,0.3,-0.9,0.1,1.0,-0.2,0.1,-1.1,0.8,-0.9,0.3,0.3,1.7,0.2,-0.7,-0.5,-0.7,-0.9,0.5,-0.1,54.0,-0.1,-0.7,1.4,0.1,-0.7,0.1,0.9,1.2,-0.7,-0.2,-0.5,-1.1,-0.7,-0.2,0.1,-0.5,1.4,1.1,0.2,-0.6,0.1,0.5,0.3,0.1,0.5
-1.2,0.5,0.2,-0.2,0.5,1.8,-0.2,1.2,0.2,0.4,1.4,-0.2,0.6,-0.3,-0.6,-0.4,0.4,-0.9,-0.3,1.6,-0.9,0.1,-0.3,1.5,0.8,-0.2,-0.8,-0.6,-0.7,-0.6,0.6,0.4,0.1,0.6,-0.3,0.1,1.6,-1.4,-1.0,-0.6,-0.8,-0.6,-0.5,0.1,-0.2,-0.2,-1.1,-0.3,1.7,1.6,-0.3,0.9,-1.6,1.7,-0.3,-0.4,-1.3,0.8,-0.3,-0.5,0.6,0.1,-1.5,0.1,-0.6,-0.3,-0.5,1.1,0.9,1.6,-0.9,0.1,-0.1,1.2,-0.1,68.0,-1.0,-1.2,-1.2,-0.4,0.3,-0.8,0.4,-1.4,-1.1,-0.5,-0.1,-1.4,-0.3,0.6,-0.2,-0.4,0.3,-0.7,-0.3,-0.2,0.7,-1.6,-1.3,-0.4
1.7,0.7,1.4,0.7,-1.2,0.4,-0.4,-0.8,-0.7,-0.9,-1.0,-0.2,-1.2,-0.6,0.9,0.7,0.1,-0.2,-0.5,-0.3,-1.3,1.7,0.7,0.4,0.7,0.2,0.7,-0.2,-0.3,0.9,0.6,-1.0,-0.7,0.4,1.5,-1.1,1.5,1.2,0.8,-0.7,-1.7,-0.3,0.6,-0.6,-0.2,0.4,-1.4,-0.1,-0.8,-1.2,1.9,-1.3,-0.3,-0.5,-0.6,0.1,0.1,1.2,0.5,-0.6,0.4,0.6,-0.1,1.3,1.3,-1.2,-0.6,-0.5,-1.1,-0.2,-0.4,-0.4,-0.6,0.7,-0.7,-1.0,72.0,-1.3,1.5,-1.7,-0.3,-0.9,0.7,0.5,-0.1,0.7,0.4,0.1,-0.7,-0.1,0.5,-0.7,-0.1,-1.2,0.3,1.7,-0.1,-0.9,-0.6,-0.2
-1.0,0.4,-0.8,-1.3,0.6,-0.3,0.8,-0.3,0.2,0.4,-0.2,-0.1,-0.5,-0.9,-0.5,-0.1,0.1,-0.5,-0.3,0.1,-0.9,0.2,0.4,0.6,-0.6,-1.2,0.4,-1.1,-0.6,-1.1,0.6,1.5,0.1,-1.4,-1.1,-1.1,0.4,-0.4,-1.5,-0.7,-0.3,0.7,1.4,0.4,0.1,0.5,0.2,0.7,1.0,-1.4,-0.1,-0.9,-0.1,-0.7,1.0,-1.1,0.9,1.6,-0.5,-0.3,-1.6,1.7,0.8,-0.4,0.5,-0.9,-1.0,0.1,0.5,0.2,-0.9,-0.9,1.8,-0.9,1.4,-1.2,-1.3,69.6,-0.8,1.1,0.7,0.8,0.6,1.5,-0.4,-1.8,-0.3,-0.4,0.1,0.6,1.7,-0.1,0.1,-0.1,-0.2,0.7,-0.4,0.8,-1.0,0.1
-0.5,0.4,0.5,0.1,0.3,0.6,-0.3,0.3,0.4,-1.2,0.3,-0.4,-0.2,1.3,1.3,1.4,-0.1,0.4,-0.2,-0.3,-0.1,-1.2,-1.1,-0.6,0.1,-0.9,0.1,0.6,0.6,0.7,-0.6,1.0,0.9,0.7,-0.3,1.0,-1.1,-1.6,-1.4,0.6,0.1,0.8,-1.4,1.2,-0.2,0.6,-0.8,-0.7,-1.6,0.6,1.2,-0.6,-0.5,1.6,0.1,1.7,0.8,-1.7,-0.7,-0.8,-1.3,0.4,0.1,0.3,-0.1,0.4,0.1,-0.9,0.8,1.2,-0.8,0.2,1.4,0.4,0.1,-1.2,1.5,-0.8,72.1,1.1,-0.7,0.1,-0.9,-0.8,1.1,-0.5,1.3,-0.9,0.1,-0.2,0.3,-0.9,1.5,-0.1,-1.3,0.8,-1.1,-0.9,-0.6,1.5
0.5,-0.3,-1.2,0.5,0.3,-0.9,-0.4,-1.0,-1.7,1.1,-0.8,0.1,-1.0,0.1,0.5,0.2,-1.1,0.7,0.7,0.3,-0.6,-0.2,0.4,1.2,0.4,0.7,0.1,0.1,-0.6,-1.1,-0.1,1.0,-1.0,-0.8,-1.2,-1.1,0.5,0.6,-0.1,-1.2,0.1,-0.2,0.4,-0.1,-1.3,0.9,-1.3,1.1,0.4,-0.5,0.1,1.2,0.1,-0.5,-0.1,-0.1,-0.9,-0.3,-0.6,0.2,0.8,0.6,1.5,0.3,-0.1,0.8,-0.2,0.1,1.0,0.6,1.1,-0.2,-1.0,-1.1,-0.7,-0.4,-1.7,1.1,1.1,64.8,0.1,1.0,-0.7,-1.2,-0.4,-0.2,0.1,1.1,-1.2,-0.6,-1.5,-0.8,0.7,0.4,0.4,-0.3,-1.6,-0.5,0.2,-0.6
-0.1,0.3,0.5,-0.1,-1.2,0.2,1.8,-0.2,-1.0,-0.1,-1.4,0.7,0.7,-0.2,-0.5,1.9,-0.6,0.1,-0.5,0.3,-1.3,0.5,-0.2,0.1,0.2,-1.2,0.5,-0.3,0.1,0.7,0.5,0.4,-0.2,-1.2,-1.5,-1.2,-0.9,0.7,-1.1,0.1,-0.2,1.1,1.4,-1.6,-0.9,0.2,0.3,-1.0,0.3,1.5,-1.5,0.8,0.7,-1.4,-0.2,-0.1,-0.1,0.7,-0.5,-1.3,1.7,-0.1,0.8,1.1,0.4,-0.1,0.8,-0.6,1.1,0.3,-0.8,0.5,0.1,-1.4,0.1,0.3,-0.3,0.7,-0.7,0.1,71.2,1.3,0.4,-0.6,-0.7,1.1,-1.8,-0.7,1.5,-1.4,1.4,-1.5,-0.6,-0.5,0.4,-0.9,0.3,-1.1,0.8,1.1
0.4,0.2,0.3,-0.4,-0.2,0.6,1.5,-1.0,0.5,-0.8,-0.3,0.3,-1.5,0.1,-0.7,-0.3,-0.5,-0.2,0.6,-0.1,-0.5,0.7,0.1,-1.6,0.1,-0.8,0.5,-1.2,0.3,-1.1,0.8,-0.2,0.2,-0.1,1.0,1.0,0.3,-0.8,0.9,1.2,0.4,-0.9,0.4,-1.6,-1.0,0.8,0.4,0.6,0.1,-0.9,0.4,0.7,-0.3,1.2,0.5,-0.8,-0.8,0.1,0.8,1.1,-0.3,0.6,0.7,0.3,0.3,0.6,-0.1,1.4,0.6,-1.7,0.5,-0.3,0.1,-0.7,0.9,-0.8,-0.9,0.8,0.1,1.0,1.3,65.2,1.5,0.1,-0.2,-0.4,-1.0,-0.7,0.1,1.7,0.5,-1.0,0.1,0.1,0.3,-1.6,0.1,1.3,-1.6,-1.2
0.8,-1.2,-0.2,-0.7,-0.8,-0.9,-0.7,-0.6,1.5,1.4,0.2,-1.1,-1.8,-0.1,0.7,0.5,0.7,-0.8,0.2,-1.1,0.1,0.5,-0.1,-0.3,0.1,0.3,0.7,0.1,-0.6,0.6,0.5,0.4,0.1,0.1,-0.4,0.9,-0.8,-0.4,0.5,0.1,1.4,0.6,0.1,-0.5,-0.2,1.3,1.7,0.2,-0.6,1.4,1.1,1.0,-0.6,-1.0,1.4,1.3,-0.7,-0.3,-0.5,0.1,-1.2,-1.1,0.3,0.7,0.8,1.4,-0.6,0.4,-0.1,1.2,-0.2,0.1,-1.0,0.2,1.2,0.4,0.7,0.6,-0.9,-0.7,0.4,1.5,68.4,0.2,0.6,0.1,-0.7,0.8,-0.8,1.2,-1.8,-0.5,1.1,-0.1,0.7,-0.4,0.3,-1.5,1.2,-1.1
0.9,0.9,-0.3,0.1,-1.6,-1.4,-0.6,-1.5,-0.2,-0.3,0.1,0.4,-0.5,-1.0,-0.4,-1.0,-0.7,0.1,0.7,-1.1,1.3,0.8,-0.5,0.1,0.1,-1.2,0.4,-0.5,0.1,-0.3,1.2,-0.2,-0.2,0.8,0.1,-0.2,-0.9,0.1,0.7,0.1,0.1,0.1,0.4,-0.6,1.4,-0.4,1.2,0.1,-1.1,1.8,0.4,0.4,0.4,-0.3,-0.7,0.1,1.6,0.2,-0.9,0.6,-1.0,0.2,-0.7,-0.3,1.7,-0.2,1.2,1.3,1.5,-1.3,0.5,-1.3,0.4,0.9,-0.7,-1.4,0.5,1.5,-0.8,-1.2,-0.6,0.1,0.2,65.9,-0.5,-0.7,-1.4,-0.5,-0.1,-0.8,-1.7,1.5,0.2,0.4,-0.3,-0.5,0.5,0.5,0.1,-0.3
-0.1,0.5,0.1,-1.1,0.1,1.3,-0.7,1.0,-1.4,0.2,0.7,-0.3,1.8,-0.1,0.2,0.1,0.8,-1.0,-0.1,-0.9,-0.5,0.1,-0.7,-1.0,0.4,0.8,-0.1,-1.4,0.2,0.9,0.3,0.3,-0.3,-1.1,0.6,0.5,0.8,0.5,-0.1,0.2,-1.0,0.1,0.8,-1.0,0.4,-0.4,0.1,0.5,-0.9,0.6,1.1,-1.3,1.1,1.2,0.5,0.7,0.6,0.5,0.3,0.1,0.1,0.2,-0.8,1.2,-0.6,0.2,0.4,0.3,0.9,-1.4,0.1,-0.1,-0.5,-1.4,-0.2,-1.1,-0.1,-0.4,1.1,-0.4,-0.7,-0.2,0.6,-0.5,60.5,-0.7,1.5,1.0,0.2,0.6,0.7,-0.5,0.2,0.7,1.5,-0.3,-0.3,0.4,-1.2,-0.7
-0.7,0.3,0.4,0.1,0.6,0.9,1.1,1.0,0.4,0.1,0.4,-0.8,-0.5,-1.5,-1.3,0.1,0.2,0.6,0.2,-0.1,0.5,0.1,1.1,-1.1,1.4,-0.6,0.6,1.8,0.4,0.3,0.5,0.1,-0.6,0.4,-0.1,-0.5,0.8,-0.2,-0.8,0.1,-0.1,0.4,-1.1,0.2,-0.5,-1.0,0.3,-0.4,-1.2,-0.9,-0.3,-1.2,-1.0,-1.0,-1.4,-0.8,-0.9,-1.1,0.2,-1.4,0.7,-0.4,-1.8,0.8,-0.3,1.0,0.3,-1.1,-0.1,-0.4,0.8,-1.2,0.5,-0.4,-0.5,-0.5,0.7,-1.8,-0.5,-0.2,1.1,-0.4,0.1,-0.7,-0.7,62.9,0.9,0.1,-0.6,0.3,1.4,-0.5,-0.4,0.9,-0.4,0.7,0.1,0.1,-0.7,0.1
-0.1,1.3,0.4,0.4,0.9,-0.1,0.6,1.0,-0.5,0.6,-1.1,-0.6,0.1,0.2,0.5,-0.2,1.3,0.5,0.5,-0.8,0.3,0.8,-0.5,-0.8,-0.4,0.4,-1.1,0.9,1.8,0.4,0.2,1.4,-0.2,-1.0,0.5,-1.4,-0.6,-0.2,-0.3,0.8,-0.1,-1.0,-0.6,0.1,1.7,0.4,0.1,-0.3,-1.9,-1.2,1.2,1.2,0.9,0.2,-0.5,-0.2,1.0,1.4,-0.6,-1.2,0.7,1.3,-1.2,-1.0,1.6,1.3,-0.4,1.1,-0.2,0.9,0.1,-0.8,1.3,-0.4,-1.1,-0.1,0.4,-0.3,1.3,0.1,-1.8,-1.0,-0.7,-1.4,1.5,0.9,73.5,1.2,0.8,-0.5,-1.4,-1.3,-0.3,0.1,-0.3,-0.8,-0.6,0.7,-0.3,0.8
-0.6,0.5,-0.3,-0.2,0.3,-0.6,1.6,0.6,-1.5,-1.2,-0.9,-0.1,-0.9,-0.3,0.5,0.5,0.9,-0.1,-0.9,0.2,0.2,0.7,0.3,0.9,0.9,0.3,-1.0,-1.4,-0.6,1.7,0.6,0.4,-0.3,1.1,0.7,0.8,-0.6,-0.3,1.1,-0.6,0.3,0.9,-0.2,-1.3,0.6,-0.5,-1.2,1.2,0.1,-1.1,0.8,0.3,0.1,0.6,-0.5,-1.6,-1.0,1.4,0.1,0.5,0.6,-0.3,-0.7,1.0,1.1,-1.2,-0.2,-1.1,-0.3,0.7,-1.6,-0.9,0.5,-0.5,-0.7,-1.4,0.1,-0.4,-0.9,1.1,-0.7,-0.7,0.8,-0.5,1.0,0.1,1.2,69.0,1.2,0.4,-0.3,0.5,-0.2,-0.9,0.4,0.4,0.5,1.2,0.8,-0.4
-1.1,1.2,-0.1,0.9,-0.2,0.8,0.3,-0.7,0.9,-0.3,0.5,-0.6,1.8,-1.0,-0.3,-0.2,-0.5,-0.1,-0.5,-0.1,0.4,0.6,0.8,0.8,0.3,1.0,0.3,0.5,0.4,-1.1,-0.9,-0.6,0.7,1.1,-0.3,-0.1,-0.5,-1.4,-1.1,-0.9,0.7,-0.2,1.4,0.7,1.5,-0.6,-0.4,-0.7,-0.1,0.1,0.1,-0.3,-0.2,0.4,-1.1,1.2,1.4,0.1,-0.2,0.6,0.5,-0.8,1.8,1.6,-1.4,1.3,0.4,-0.1,0.8,0.1,-0.1,-0.4,0.1,-0.1,-0.2,-0.3,-0.7,0.1,0.1,-1.2,1.5,0.1,-0.8,-0.1,0.2,-0.6,0.8,1.2,62.1,0.7,1.1,0.4,-0.2,0.6,1.1,-1.0,0.5,-0.1,0.3,-0.8
0.2,0.1,-1.4,0.5,-1.0,0.1,0.1,-0.9,-0.1,0.1,-0.4,0.4,0.2,-0.1,0.5,-1.3,0.8,1.0,0.8,-0.5,1.2,-0.9,0.5,0.1,1.3,-1.1,-1.1,0.1,-0.4,-0.4,0.6,-1.0,-0.2,1.7,0.1,1.0,-1.5,0.2,0.3,-0.6,1.1,0.2,0.6,-0.8,1.1,-1.3,0.1,-0.7,0.3,0.5,-0.5,0.3,-0.2,0.3,0.1,-0.5,-1.0,0.6,1.0,-1.0,1.0,0.3,-0.2,-0.3,-0.2,-1.3,0.1,0.1,0.6,-0.4,-0.7,0.1,-1.8,-0.9,0.1,0.6,-0.1,0.6,-0.2,-0.6,-1.4,1.7,1.2,-0.8,0.6,0.3,-0.5,0.4,0.7,61.4,1.7,0.1,0.3,0.6,-1.4,1.1,-0.2,0.3,-0.6,0.3
-1.7,0.1,-0.8,0.7,0.3,1.0,-0.5,-1.3,-0.7,-0.3,1.3,-0.7,-0.6,0.3,0.9,-1.7,-0.1,-0.3,1.2,0.2,1.5,-0.8,0.1,-0.7,1.0,0.4,0.4,0.8,-0.2,1.5,0.4,0.1,-1.0,-0.8,1.2,-0.8,0.6,0.8,0.1,-0.3,0.1,-0.8,-0.7,-0.5,0.2,0.7,-0.5,-0.2,0.6,-0.6,1.6,0.4,-0.5,-1.0,0.3,1.1,1.1,1.2,-1.0,-1.2,0.4,-0.5,-0.7,0.3,0.4,1.2,0.9,0.1,-0.7,0.1,-0.3,0.8,-1.1,0.1,-0.5,-0.2,0.5,1.7,0.3,-1.5,1.4,0.5,-1.8,-1.7,0.7,1.4,-1.4,-0.3,1.1,1.7,73.2,0.9,1.5,0.8,0.7,-0.3,-1.4,0.5,0.1,0.2
-1.0,0.8,0.5,0.5,-1.1,-0.1,-0.1,0.5,-0.1,-0.7,0.5,-0.1,-0.3,-1.7,0.8,-0.1,0.2,-1.0,1.0,-0.4,0.4,-0.4,0.8,-1.3,-0.4,0.8,-1.1,-0.1,-1.3,0.7,0.9,-1.2,-0.8,-0.3,0.8,-1.5,0.3,1.1,-1.4,1.0,-1.4,-1.4,0.2,-0.1,-0.5,0.1,-0.9,0.1,-1.3,0.5,0.2,-0.2,1.0,0.6,-0.1,0.4,1.2,1.0,-0.7,-0.6,-1.3,-0.3,0.1,0.2,-0.3,0.7,1.4,-0.3,-1.5,0.7,0.2,-0.6,0.1,0.7,1.4,-0.4,-0.7,-0.1,-0.9,-0.8,-1.5,-1.0,-0.5,1.5,-0.5,-0.5,-1.3,0.5,0.4,0.1,0.9,67.7,-0.8,0.8,-1.1,0.1,0.6,0.9,-1.1,0.3
-0.7,0.4,0.8,0.1,-0.9,0.5,0.3,-0.1,0.1,0.4,0.4,-0.4,0.1,0.4,0.9,-1.6,-0.3,0.8,0.1,0.7,1.7,0.9,-1.1,-0.3,-1.6,-0.9,-0.9,0.9,0.2,-1.1,0.4,-0.7,-0.2,-0.5,-1.4,0.5,-1.5,0.6,-1.3,-0.6,0.7,-1.1,0.6,0.3,0.1,0.4,0.6,1.3,1.2,1.5,1.0,0.4,-1.1,1.7,0.4,-0.4,-0.5,-0.5,1.1,0.4,-0.1,-0.6,-0.7,-0.5,1.3,0.5,-0.6,0.1,0.8,-1.1,1.0,-0.3,0.4,0.1,1.1,0.3,-0.1,0.1,1.5,0.7,-0.6,0.1,1.1,0.2,0.2,-0.4,-0.3,-0.2,-0.2,0.3,1.5,-0.8,66.2,0.2,-0.4,0.4,-0.8,1.6,0.9,1.5
-1.3,1.2,-1.9,1.8,0.1,1.0,-0.1,0.3,-0.5,1.1,0.7,-1.5,0.6,1.3,1.0,-0.7,1.7,0.6,1.0,1.6,0.6,0.7,-1.1,-0.4,-0.4,-0.7,-0.2,-0.7,0.2,0.7,-1.3,-0.5,-0.6,0.5,0.8,0.2,0.4,-0.1,0.7,-0.9,-0.5,-0.7,0.4,0.1,-0.2,-1.1,1.8,0.6,0.7,1.6,0.1,1.2,0.1,0.6,-0.3,0.1,-1.9,0.1,1.1,0.5,1.1,-1.0,1.0,-0.1,1.7,0.1,0.4,-1.2,-0.5,0.4,-1.1,0.1,0.4,-1.0,0.2,-0.7,-1.2,-0.1,-0.1,0.4,-0.5,0.1,-0.1,0.4,0.7,0.9,0.1,-0.9,0.6,0.6,0.8,0.8,0.2,69.2,-0.4,-1.4,-1.0,-0.8,-0.2,-0.5
-0.2,0.2,1.0,0.8,0.3,1.3,0.3,-0.2,0.7,0.4,-1.6,-1.1,0.1,-0.9,0.7,0.1,0.8,-0.7,0.5,-1.1,-1.6,1.3,0.1,0.2,-0.4,0.5,-1.5,0.7,-0.9,-0.8,0.1,-0.3,-1.0,0.2,-0.5,-0.1,1.0,0.1,-0.6,1.4,-0.2,0.8,-0.2,-0.9,0.6,-0.3,-1.5,0.5,-0.4,-0.5,0.2,1.3,0.7,-0.7,0.9,1.1,0.6,-1.3,-0.9,1.9,0.7,-0.1,-0.1,-0.4,0.1,0.1,-1.4,1.1,0.7,-0.4,0.5,0.3,-0.4,1.5,-0.6,-0.3,0.3,-0.2,-1.3,0.4,0.4,0.3,0.7,-0.3,1.5,-0.4,-0.3,0.4,1.1,-1.4,0.7,-1.1,-0.4,-0.4,64.8,1.2,0.3,0.2,-0.6,-0.4
0.6,1.0,-0.9,0.2,-0.5,-1.0,-0.1,-0.2,-0.4,1.1,-0.9,-0.9,-0.6,-0.2,0.2,0.3,0.2,-0.2,0.6,-0.7,-0.3,0.9,1.3,0.4,-0.3,1.3,0.1,0.2,-0.4,0.7,0.3,0.4,0.2,0.8,0.3,-0.4,-1.0,-0.1,1.2,0.6,0.2,-0.8,0.1,-0.3,-1.0,0.1,-0.5,-0.3,0.7,0.2,-0.7,0.3,1.4,0.8,0.1,0.4,-0.3,-0.2,-0.1,0.1,0.1,0.8,-1.1,-0.1,-0.8,-0.3,0.4,0.4,-0.1,0.9,1.3,-1.7,0.1,-1.1,0.1,-0.2,1.7,0.7,0.8,-0.3,-0.9,-1.6,-0.4,-0.5,-0.3,0.7,-0.8,0.4,-1.0,1.1,-0.3,0.1,0.4,-1.4,1.2,57.2,1.3,0.1,-0.7,-0.4
-1.5,-0.1,-0.3,-0.1,-1.2,-0.3,-0.5,0.8,-0.5,-1.1,0.3,1.1,1.2,-0.6,1.0,-0.7,-0.4,0.4,-0.1,-1.7,0.8,-0.2,0.1,-0.4,-0.4,1.0,-1.0,-0.2,1.6,0.3,0.6,1.5,0.9,-0.6,0.4,1.0,1.2,-0.5,0.6,1.5,1.5,0.7,-0.7,-1.2,-1.6,0.9,-0.9,-1.3,-1.0,1.2,-1.1,0.7,-1.4,-0.3,1.4,1.2,-1.2,0.7,1.5,0.2,-1.1,0.4,0.7,0.1,1.5,0.2,-0.6,-0.5,-0.2,0.1,-0.2,-1.2,-1.1,1.4,0.5,0.7,-0.1,-0.4,-1.1,-1.6,0.3,0.1,0.3,0.5,-0.3,0.1,-0.6,0.5,0.5,-0.2,-1.4,0.6,-0.8,-1.0,0.3,1.3,73.9,0.8,-0.1,-1.1
0.7,0.2,0.5,1.4,-0.5,0.1,1.3,-1.2,0.5,-1.2,0.1,1.4,-0.1,-1.6,-0.9,0.6,0.6,-1.3,0.6,1.4,-1.7,-0.6,0.5,0.8,0.4,0.1,-0.3,-1.2,-0.6,-0.2,0.1,0.2,0.8,0.1,0.1,0.2,0.1,0.1,-0.4,-1.7,0.6,1.7,-0.6,0.1,-1.2,-0.2,0.1,1.2,-0.3,0.1,-0.7,0.1,0.1,-0.5,-0.3,0.9,-0.3,-0.5,0.6,-0.3,0.7,0.5,0.1,-0.5,0.7,0.2,-0.3,-0.1,0.5,-0.4,0.1,0.1,0.5,1.2,0.3,-1.6,-0.9,0.8,-0.9,-0.5,-1.1,1.3,-1.5,0.5,0.4,0.1,0.7,1.2,-0.1,0.3,0.5,0.9,1.6,-0.8,0.2,0.1,0.8,60.7,0.5,-0.4
0.6,-1.6,-0.6,1.5,-0.1,1.6,0.9,-1.3,-1.1,0.9,0.5,-1.3,0.1,1.0,0.5,-0.2,0.1,-0.5,-0.7,-0.5,-0.3,-1.3,0.1,-1.2,0.6,0.3,-0.5,-0.5,0.5,-0.1,0.1,-1.3,-0.6,0.5,0.7,-0.1,0.3,0.8,1.3,-1.0,1.5,1.1,0.8,0.4,0.4,1.5,0.6,-0.6,-0.1,-0.1,0.7,-1.5,-0.5,0.2,-1.6,1.4,-0.7,0.1,0.3,0.7,1.5,1.0,-1.3,-1.1,-0.5,0.1,1.2,0.5,0.2,-0.1,1.8,-0.8,-1.2,-0.9,0.1,-1.3,-0.6,-1.0,-0.6,0.2,0.8,-1.6,1.2,0.1,-1.2,-0.7,-0.3,0.8,0.3,-0.6,0.1,-1.1,0.9,-0.2,-0.6,-0.7,-0.1,0.5,70.6,-0.3
0.1,1.7,0.4,-0.3,1.1,0.1,-0.2,-0.2,0.8,-0.4,-1.6,-0.3,-0.7,0.5,0.8,-0.6,0.3,-0.3,1.2,0.3,0.4,-1.1,-1.2,0.1,-0.8,0.2,1.0,-0.8,1.0,-1.9,1.5,0.1,-0.3,-0.1,-0.1,0.3,-1.1,-1.1,0.1,0.3,0.3,1.6,-0.8,0.7,1.9,0.1,0.1,0.1,-0.3,-0.6,-0.4,-1.0,0.9,0.5,-1.0,-0.4,0.1,-0.6,-0.2,-0.7,1.6,-0.1,-0.9,1.2,1.1,-1.5,0.5,1.3,0.1,-1.3,-1.0,-0.1,0.6,-0.8,0.5,-0.4,-0.2,0.1,1.5,-0.6,1.1,-1.2,-1.1,-0.3,-0.7,0.1,0.8,-0.4,-0.8,0.3,0.2,0.3,1.5,-0.5,-0.4,-0.4,-1.1,-0.4,-0.3,65.0
